tabela,variavel,descricao,primeiro_ano,ultimo_ano,status_coleta,anos_nao_coletados,comparabilidade_preliminar,categoria,notas_importantes
Escola,NU_ANO_CENSO,Ano do Censo,2007.0,2025.0,Coleta contínua 2007-2025,,Potencialmente comparável em toda a série,,
Escola,NO_REGIAO,Nome da Região Geográfica,2007.0,2025.0,Coleta contínua 2007-2025,,Potencialmente comparável em toda a série,,
Escola,CO_REGIAO,Código da Região Geográfica,2007.0,2025.0,Coleta contínua 2007-2025,,Potencialmente comparável em toda a série,,
Escola,NO_UF,Nome da Unidade da Federação,2007.0,2025.0,Coleta contínua 2007-2025,,Potencialmente comparável em toda a série,,
Escola,SG_UF,Sigla da Unidade da Federação,2007.0,2025.0,Coleta contínua 2007-2025,,Potencialmente comparável em toda a série,,
Escola,CO_UF,Código da Unidade da Federação,2007.0,2025.0,Coleta contínua 2007-2025,,Potencialmente comparável em toda a série,,
Escola,NO_MUNICIPIO,Nome do Município,2007.0,2025.0,Coleta contínua 2007-2025,,Potencialmente comparável em toda a série,,
Escola,CO_MUNICIPIO,Código do Município,2007.0,2025.0,Coleta contínua 2007-2025,,Potencialmente comparável em toda a série,,
Escola,NO_REGIAO_GEOG_INTERM,Nome da Região Geográfica Intermediária,2019.0,2025.0,Coleta iniciada em 2019,"2007, 2008, 2009, 2010, 2011, 2012, 2013, 2014, 2015, 2016, 2017, 2018",Comparável apenas no período de coleta,,"A Fundação Instituto Brasileiro de Geografia e Estatísticas (IBGE), propôs em 2017 uma nova divisão geográfica regional do Brasil que corresponde às antigas Mesorregiões e Microrregiões. Assim, a partir de 2019, as regiões geográficas regionais são classificadas em Regiões Geográficas Intermediárias e Regiões Imediatas."
Escola,CO_REGIAO_GEOG_INTERM,Código da Região Geográfica Intermediária,2019.0,2025.0,Coleta iniciada em 2019,"2007, 2008, 2009, 2010, 2011, 2012, 2013, 2014, 2015, 2016, 2017, 2018",Comparável apenas no período de coleta,,
Escola,NO_REGIAO_GEOG_IMED,Nome da Região Geográfica Imediata,2019.0,2025.0,Coleta iniciada em 2019,"2007, 2008, 2009, 2010, 2011, 2012, 2013, 2014, 2015, 2016, 2017, 2018",Comparável apenas no período de coleta,,
Escola,CO_REGIAO_GEOG_IMED,Código da Região Geográfica Imediata,2019.0,2025.0,Coleta iniciada em 2019,"2007, 2008, 2009, 2010, 2011, 2012, 2013, 2014, 2015, 2016, 2017, 2018",Comparável apenas no período de coleta,,
Escola,NO_MESORREGIAO,Nome da Mesorregião,2007.0,2024.0,Descontinuada após 2024,2025,Comparável apenas no período de coleta,,
Escola,CO_MESORREGIAO,Código da Mesorregião,2007.0,2024.0,Descontinuada após 2024,2025,Comparável apenas no período de coleta,,
Escola,NO_MICRORREGIAO,Nome da Microrregião,2007.0,2024.0,Descontinuada após 2024,2025,Comparável apenas no período de coleta,,
Escola,CO_MICRORREGIAO,Código da Microrregião,2007.0,2024.0,Descontinuada após 2024,2025,Comparável apenas no período de coleta,,
Escola,NO_DISTRITO,Divisão Intramunicipal - Nome do Distrito,2007.0,2025.0,Coleta contínua 2007-2025,,Potencialmente comparável em toda a série,,
Escola,CO_DISTRITO,Divisão Intramunicipal - Código do Distrito,2007.0,2025.0,Coleta contínua 2007-2025,,Potencialmente comparável em toda a série,,
Escola,NO_SUBDISTRITO,Divisão Intramunicipal - Nome do Subdistrito,2025.0,2025.0,Coleta iniciada em 2025,"2007, 2008, 2009, 2010, 2011, 2012, 2013, 2014, 2015, 2016, 2017, 2018, 2019, 2020, 2021, 2022, 2023, 2024",Comparável apenas no período de coleta,,"A partir do Censo Escolar de 2025, a coleta de informações passou a contemplar dados geográficos desagregados pelo Código das Regiões Administrativas exclusivamente para o Distrito Federal. Em decorrência dessa alteração, nos Microdados, o nome e o código das Regiões Administrativas do Distrito Federal passaram a ser incorporados às variáveis de Código e Nome do Distrito.
Assim, nesta versão dos Microdados, as variáveis NO_REGIAO_ADMINISTRATIVA e CO_REGIAO_ADMINISTRATIVA foram, respectivamente, integradas às variáveis NO_DISTRITO e CO_DISTRITO."
Escola,CO_SUBDISTRITO,Divisão Intramunicipal - Código do Subdistrito,2025.0,2025.0,Coleta iniciada em 2025,"2007, 2008, 2009, 2010, 2011, 2012, 2013, 2014, 2015, 2016, 2017, 2018, 2019, 2020, 2021, 2022, 2023, 2024",Comparável apenas no período de coleta,,
Escola,NO_REGIAO_ADMINISTRATIVA,Nome da Região Administrativa referente exclusivamente às regiões administrativas do Distrito Federal (DF),2025.0,2025.0,Coleta iniciada em 2025,"2007, 2008, 2009, 2010, 2011, 2012, 2013, 2014, 2015, 2016, 2017, 2018, 2019, 2020, 2021, 2022, 2023, 2024",Comparável apenas no período de coleta,,
Escola,CO_REGIAO_ADMINISTRATIVA,Código da Região Administrativa referente exclusivamente às regiões administrativas do Distrito Federal (DF),2025.0,2025.0,Coleta iniciada em 2025,"2007, 2008, 2009, 2010, 2011, 2012, 2013, 2014, 2015, 2016, 2017, 2018, 2019, 2020, 2021, 2022, 2023, 2024",Comparável apenas no período de coleta,,
Escola,NO_ENTIDADE,Nome da Escola,2007.0,2025.0,Coleta contínua 2007-2025,,Potencialmente comparável em toda a série,,
Escola,CO_ENTIDADE,Código da Escola,2007.0,2025.0,Coleta contínua 2007-2025,,Potencialmente comparável em toda a série,,
Escola,CO_REDE,Rede de Ensino,2007.0,2025.0,Coleta contínua 2007-2025,,Potencialmente comparável em toda a série,"1 - Pública
2 - Privada","Variável incluída nos Microdados com o objetivo de facilitar a identificação e a extração de informações por Rede de Ensino (Pública ou Privada). Trata-se de variável derivada da variável TP_DEPENDENCIA, sendo que a rede pública compreende as esferas Federal, Estadual e Municipal."
Escola,TP_DEPENDENCIA,Dependência Administrativa,2007.0,2025.0,Coleta contínua 2007-2025,,Potencialmente comparável em toda a série,"1 - Federal
2 - Estadual
3 - Municipal
4 - Privada",
Escola,TP_CATEGORIA_ESCOLA_PRIVADA,Categoria da escola privada,2007.0,2025.0,Coleta contínua 2007-2025,,Potencialmente comparável em toda a série,"1 - Particular
2 - Comunitária
3 - Confessional
4 - Filantrópica
   - Não aplicável para escolas públicas",
Escola,TP_LOCALIZACAO,Localização,2007.0,2025.0,Coleta contínua 2007-2025,,Potencialmente comparável em toda a série,"1 - Urbana
2 - Rural",
Escola,TP_LOCALIZACAO_DIFERENCIADA,Localização diferenciada da escola,2007.0,2025.0,Coleta contínua 2007-2025,,Potencialmente comparável em toda a série,"0 - A escola não está em área de localização diferenciada
1 - Área de assentamento
2 - Terra indígena
3 - Comunidade quilombola
8 - Área onde se localizam povos e comunidades tradicionais","De 2007 a 2011:  
0 - Não se aplica
1 - Área de assentamento
2 - Terra indígena
3 - Área remanescente de quilombos
De 2012 a 2018:  
0 - A escola não está em área de localização diferenciada
1 - Área de assentamento
2 - Terra indígena
3 - Área remanescente de quilombos
4 - Unidade de uso sustentável
5 - Unidade de uso sustentável em terra indígena
6 - Unidade de uso sustentável em área remanescente de quilombos
De 2019 a 2022: 
0 - A escola não está em área de localização diferenciada
1 - Área de assentamento
2 - Terra indígena
3 - Área onde se localiza comunidade remanescente de quilombos
Em 2023 foi adicionada a categoria 8: 
8 - Área onde se localizam povos e comunidades tradicionais"
Escola,DS_ENDERECO,Endereço,,,Sem coleta no período,"2007, 2008, 2009, 2010, 2011, 2012, 2013, 2014, 2015, 2016, 2017, 2018, 2019, 2020, 2021, 2022, 2023, 2024, 2025",Comparável apenas no período de coleta,,"Os campos de endereço da escola (DS_ENDERECO, NU_ENDERECO, DS_COMPLEMENTO, NO_BAIRRO, CO_CEP, LATITUDE e LONGITUDE) foram retirados dos Microdados do Censo Escolar da Educação Básica 2025. Essas informações permanecem disponíveis para consulta pública no Catálogo de Escolas do Inep: https://www.gov.br/inep/pt-br/acesso-a-informacao/dados-abertos/inep-data/catalogo-de-escolas.
Os campos NU_DDD e NU_TELEFONE também foram suprimidos dos Microdados, uma vez que não passam por procedimentos específicos de crítica de consistência e foram identificados registros contendo telefones pessoais. A retirada desses campos visa resguardar a privacidade dos titulares dos dados e atender às disposições da Lei Geral de Proteção de Dados Pessoais (Lei nº 13.709/2018) e da Lei de Acesso à Informação (Lei nº 12.527/2011), que preveem a proteção de informações pessoais contra divulgação indevida.
"
Escola,NU_ENDERECO,Número,,,Sem coleta no período,"2007, 2008, 2009, 2010, 2011, 2012, 2013, 2014, 2015, 2016, 2017, 2018, 2019, 2020, 2021, 2022, 2023, 2024, 2025",Comparável apenas no período de coleta,,
Escola,DS_COMPLEMENTO,Complemento,,,Sem coleta no período,"2007, 2008, 2009, 2010, 2011, 2012, 2013, 2014, 2015, 2016, 2017, 2018, 2019, 2020, 2021, 2022, 2023, 2024, 2025",Comparável apenas no período de coleta,,
Escola,NO_BAIRRO,Bairro,,,Sem coleta no período,"2007, 2008, 2009, 2010, 2011, 2012, 2013, 2014, 2015, 2016, 2017, 2018, 2019, 2020, 2021, 2022, 2023, 2024, 2025",Comparável apenas no período de coleta,,
Escola,CO_CEP,CEP,,,Sem coleta no período,"2007, 2008, 2009, 2010, 2011, 2012, 2013, 2014, 2015, 2016, 2017, 2018, 2019, 2020, 2021, 2022, 2023, 2024, 2025",Comparável apenas no período de coleta,,
Escola,NU_DDD,DDD,,,Sem coleta no período,"2007, 2008, 2009, 2010, 2011, 2012, 2013, 2014, 2015, 2016, 2017, 2018, 2019, 2020, 2021, 2022, 2023, 2024, 2025",Comparável apenas no período de coleta,,
Escola,NU_TELEFONE,Telefone,,,Sem coleta no período,"2007, 2008, 2009, 2010, 2011, 2012, 2013, 2014, 2015, 2016, 2017, 2018, 2019, 2020, 2021, 2022, 2023, 2024, 2025",Comparável apenas no período de coleta,,
Escola,LATITUDE,Georreferenciamento da Escola - Latitude,,,Sem coleta no período,"2007, 2008, 2009, 2010, 2011, 2012, 2013, 2014, 2015, 2016, 2017, 2018, 2019, 2020, 2021, 2022, 2023, 2024, 2025",Comparável apenas no período de coleta,,
Escola,LONGITUDE,Georreferenciamento da Escola - Longitude,,,Sem coleta no período,"2007, 2008, 2009, 2010, 2011, 2012, 2013, 2014, 2015, 2016, 2017, 2018, 2019, 2020, 2021, 2022, 2023, 2024, 2025",Comparável apenas no período de coleta,,
Escola,TP_SITUACAO_FUNCIONAMENTO,Situação de funcionamento,2007.0,2025.0,Coleta contínua 2007-2025,,Potencialmente comparável em toda a série,"1 - Em Atividade
2 - Paralisada
3 - Extinta (ano do Censo)
4 - Extinta em Anos Anteriores",
Escola,CO_ORGAO_REGIONAL,Código do Órgão Regional de Ensino,2007.0,2025.0,Coleta contínua 2007-2025,,Potencialmente comparável em toda a série,,
Escola,DT_ANO_LETIVO_INICIO,Início do ano letivo,2008.0,2025.0,Coleta iniciada em 2008,2007,Comparável apenas no período de coleta,,
Escola,DT_ANO_LETIVO_TERMINO,Término (previsão) do ano letivo,2008.0,2025.0,Coleta iniciada em 2008,2007,Comparável apenas no período de coleta,,
Escola,IN_VINCULO_SECRETARIA_EDUCACAO,Órgão ao qual a escola pública está vinculada - Secretaria de Educação/Ministério da Educação,2019.0,2025.0,Coleta iniciada em 2019,"2007, 2008, 2009, 2010, 2011, 2012, 2013, 2014, 2015, 2016, 2017, 2018",Comparável apenas no período de coleta,"0 - Não
1 - Sim
   - Não aplicável para escolas privadas",
Escola,IN_VINCULO_SEGURANCA_PUBLICA,Órgão ao qual a escola pública está vinculada - Secretaria de Segurança Pública/Forças Armadas/Militar,2019.0,2025.0,Coleta iniciada em 2019,"2007, 2008, 2009, 2010, 2011, 2012, 2013, 2014, 2015, 2016, 2017, 2018",Comparável apenas no período de coleta,"0 - Não
1 - Sim
   - Não aplicável para escolas privadas",
Escola,IN_VINCULO_SECRETARIA_SAUDE,Órgão ao qual a escola pública está vinculada - Secretaria de Saúde/Ministério da Saúde,2019.0,2025.0,Coleta iniciada em 2019,"2007, 2008, 2009, 2010, 2011, 2012, 2013, 2014, 2015, 2016, 2017, 2018",Comparável apenas no período de coleta,"0 - Não
1 - Sim
   - Não aplicável para escolas privadas",
Escola,IN_VINCULO_OUTRO_ORGAO,Órgão ao qual a escola pública está vinculada - Outro órgão da administração pública,2019.0,2025.0,Coleta iniciada em 2019,"2007, 2008, 2009, 2010, 2011, 2012, 2013, 2014, 2015, 2016, 2017, 2018",Comparável apenas no período de coleta,"0 - Não
1 - Sim
   - Não aplicável para escolas privadas",
Escola,IN_PODER_PUBLICO_PARCERIA,"Parceria ou convênio com o poder público (parceria ou convênio firmado entre a Administração Pública e instituições privadas ou instituições públicas de ensino, autarquias e fundações da administração indireta e demais instituições de educação profissional técnica de nível médio dos serviços sociais autônomos que integram o sistema federal de ensino, para financiamento do atendimento educacional ou para a oferta do itinerário de formação técnica e profissional do ensino médio)",2007.0,2025.0,Coleta contínua 2007-2025,,Potencialmente comparável em toda a série,"0 - Não
1 - Sim","Entre 2007 e 2021:
A variável IN_CONVENIADA_PP foi renomeada para:
IN_PODER_PUBLICO_PARCERIA "
Escola,TP_PODER_PUBLICO_PARCERIA,Poder público responsável pela parceria ou convênio entre a Administração Pública e outras instituições,2007.0,2025.0,Coleta contínua 2007-2025,,Potencialmente comparável em toda a série,"1 - Municipal
2 - Estadual
3 - Estadual e Municipal
   - Não aplicável  para escolas sem parceria ou convênio com o poder público","Entre 2007 e 2021:
A variável TP_CONVENIO_PODER_PUBLICO foi renomeada para: TP_PODER_PUBLICO_PARCERIA "
Escola,IN_CONVENIADA_PP,Conveniada com o poder público,2007.0,2021.0,Descontinuada após 2021,"2022, 2023, 2024, 2025",Comparável apenas no período de coleta,"0 - Não
1 - Sim
   - Não aplicável para escolas públicas",
Escola,TP_CONVENIO_PODER_PUBLICO,Dependência do convênio com o poder público,2008.0,2021.0,Coleta contínua de 2008 a 2021,"2007, 2022, 2023, 2024, 2025",Comparável apenas no período de coleta,"1 - Municipal
2 - Estadual
3 - Estadual e Municipal
   - Não aplicável para escolas públicas ou privadas não conveniadas",
Escola,IN_FORMA_CONT_TERMO_COLABORA,Forma de contratação entre a Administração Pública e outras instituições - Termo de colaboração (Lei nº 13.019/2014),2022.0,2025.0,Coleta iniciada em 2022,"2007, 2008, 2009, 2010, 2011, 2012, 2013, 2014, 2015, 2016, 2017, 2018, 2019, 2020, 2021",Comparável apenas no período de coleta,"0 - Não
1 - Sim
   - Não aplicável para escolas sem parceria/convênio",
Escola,IN_FORMA_CONT_TERMO_FOMENTO,Forma de contratação entre a Administração Pública e outras instituições - Termo de fomento (Lei nº 13.019/2014),2022.0,2025.0,Coleta iniciada em 2022,"2007, 2008, 2009, 2010, 2011, 2012, 2013, 2014, 2015, 2016, 2017, 2018, 2019, 2020, 2021",Comparável apenas no período de coleta,"0 - Não
1 - Sim
   - Não aplicável para escolas sem parceria/convênio",
Escola,IN_FORMA_CONT_ACORDO_COOP,Forma de contratação entre a Administração Pública e outras instituições - Acordo de cooperação (Lei nº 13.019/2014),2022.0,2025.0,Coleta iniciada em 2022,"2007, 2008, 2009, 2010, 2011, 2012, 2013, 2014, 2015, 2016, 2017, 2018, 2019, 2020, 2021",Comparável apenas no período de coleta,"0 - Não
1 - Sim
   - Não aplicável para escolas sem parceria/convênio",
Escola,IN_FORMA_CONT_PRESTACAO_SERV,Forma de contratação entre a Administração Pública e outras instituições - Contrato de prestação de serviço,2022.0,2025.0,Coleta iniciada em 2022,"2007, 2008, 2009, 2010, 2011, 2012, 2013, 2014, 2015, 2016, 2017, 2018, 2019, 2020, 2021",Comparável apenas no período de coleta,"0 - Não
1 - Sim
   - Não aplicável para escolas sem parceria/convênio",
Escola,IN_FORMA_CONT_COOP_TEC_FIN,Forma de contratação entre a Administração Pública e outras instituições - Termo de cooperação técnica e financeira,2022.0,2025.0,Coleta iniciada em 2022,"2007, 2008, 2009, 2010, 2011, 2012, 2013, 2014, 2015, 2016, 2017, 2018, 2019, 2020, 2021",Comparável apenas no período de coleta,"0 - Não
1 - Sim
   - Não aplicável para escolas sem parceria/convênio",
Escola,IN_FORMA_CONT_CONSORCIO_PUB,Forma de contratação entre a Administração Pública e outras instituições - Contrato de consórcio público/Convênio de cooperação,2022.0,2025.0,Coleta iniciada em 2022,"2007, 2008, 2009, 2010, 2011, 2012, 2013, 2014, 2015, 2016, 2017, 2018, 2019, 2020, 2021",Comparável apenas no período de coleta,"0 - Não
1 - Sim
   - Não aplicável para escolas sem parceria/convênio",
Escola,IN_FORMA_CONT_MU_TERMO_COLAB,Forma(s) de contratação da parceria ou convênio entre a escola e a Secretaria municipal de educação - Termo de colaboração (Lei nº 13.019/2014),2023.0,2025.0,Coleta iniciada em 2023,"2007, 2008, 2009, 2010, 2011, 2012, 2013, 2014, 2015, 2016, 2017, 2018, 2019, 2020, 2021, 2022",Comparável apenas no período de coleta,"0 - Não
1 - Sim
   - Não aplicável para sem parceria/convênio",
Escola,IN_FORMA_CONT_MU_TERMO_FOMENTO,Forma(s) de contratação da parceria ou convênio entre a escola e a Secretaria municipal de educação - Termo de fomento (Lei nº 13.019/2014),2023.0,2025.0,Coleta iniciada em 2023,"2007, 2008, 2009, 2010, 2011, 2012, 2013, 2014, 2015, 2016, 2017, 2018, 2019, 2020, 2021, 2022",Comparável apenas no período de coleta,"0 - Não
1 - Sim
   - Não aplicável para sem parceria/convênio",
Escola,IN_FORMA_CONT_MU_ACORDO_COOP,Forma(s) de contratação da parceria ou convênio entre a escola e a Secretaria municipal de educação - Acordo de cooperação (Lei nº 13.019/2014),2023.0,2025.0,Coleta iniciada em 2023,"2007, 2008, 2009, 2010, 2011, 2012, 2013, 2014, 2015, 2016, 2017, 2018, 2019, 2020, 2021, 2022",Comparável apenas no período de coleta,"0 - Não
1 - Sim
   - Não aplicável para sem parceria/convênio",
Escola,IN_FORMA_CONT_MU_PREST_SERV,Forma(s) de contratação da parceria ou convênio entre a escola e a Secretaria municipal de educação - Contrato de prestação de serviço,2023.0,2025.0,Coleta iniciada em 2023,"2007, 2008, 2009, 2010, 2011, 2012, 2013, 2014, 2015, 2016, 2017, 2018, 2019, 2020, 2021, 2022",Comparável apenas no período de coleta,"0 - Não
1 - Sim
   - Não aplicável para sem parceria/convênio",
Escola,IN_FORMA_CONT_MU_COOP_TEC_FIN,Forma(s) de contratação da parceria ou convênio entre a escola e a Secretaria municipal de educação - Termo de cooperação técnica e financeira,2023.0,2025.0,Coleta iniciada em 2023,"2007, 2008, 2009, 2010, 2011, 2012, 2013, 2014, 2015, 2016, 2017, 2018, 2019, 2020, 2021, 2022",Comparável apenas no período de coleta,"0 - Não
1 - Sim
   - Não aplicável para sem parceria/convênio",
Escola,IN_FORMA_CONT_MU_CONSORCIO_PUB,"Forma(s) de contratação da parceria ou convênio entre a escola e a Secretaria municipal de educação - Contrato de consórcio público/Convênio de
cooperação",2023.0,2025.0,Coleta iniciada em 2023,"2007, 2008, 2009, 2010, 2011, 2012, 2013, 2014, 2015, 2016, 2017, 2018, 2019, 2020, 2021, 2022",Comparável apenas no período de coleta,"0 - Não
1 - Sim
   - Não aplicável para sem parceria/convênio",
Escola,IN_FORMA_CONT_ES_TERMO_COLAB,Forma(s) de contratação da parceria ou convênio entre a escola e a Secretaria estadual de educação - Termo de colaboração (Lei nº 13.019/2014),2023.0,2025.0,Coleta iniciada em 2023,"2007, 2008, 2009, 2010, 2011, 2012, 2013, 2014, 2015, 2016, 2017, 2018, 2019, 2020, 2021, 2022",Comparável apenas no período de coleta,"0 - Não
1 - Sim
   - Não aplicável para sem parceria/convênio",
Escola,IN_FORMA_CONT_ES_TERMO_FOMENTO,Forma(s) de contratação da parceria ou convênio entre a escola e a Secretaria estadual de educação - Termo de fomento (Lei nº 13.019/2014),2023.0,2025.0,Coleta iniciada em 2023,"2007, 2008, 2009, 2010, 2011, 2012, 2013, 2014, 2015, 2016, 2017, 2018, 2019, 2020, 2021, 2022",Comparável apenas no período de coleta,"0 - Não
1 - Sim
   - Não aplicável para sem parceria/convênio",
Escola,IN_FORMA_CONT_ES_ACORDO_COOP,Forma(s) de contratação da parceria ou convênio entre a escola e a Secretaria estadual de educação - Acordo de cooperação (Lei nº 13.019/2014),2023.0,2025.0,Coleta iniciada em 2023,"2007, 2008, 2009, 2010, 2011, 2012, 2013, 2014, 2015, 2016, 2017, 2018, 2019, 2020, 2021, 2022",Comparável apenas no período de coleta,"0 - Não
1 - Sim
   - Não aplicável para sem parceria/convênio",
Escola,IN_FORMA_CONT_ES_PREST_SERV,Forma(s) de contratação da parceria ou convênio entre a escola e a Secretaria estadual de educação - Contrato de prestação de serviço,2023.0,2025.0,Coleta iniciada em 2023,"2007, 2008, 2009, 2010, 2011, 2012, 2013, 2014, 2015, 2016, 2017, 2018, 2019, 2020, 2021, 2022",Comparável apenas no período de coleta,"0 - Não
1 - Sim
   - Não aplicável para sem parceria/convênio",
Escola,IN_FORMA_CONT_ES_COOP_TEC_FIN,Forma(s) de contratação da parceria ou convênio entre a escola e a Secretaria estadual de educação - Termo de cooperação técnica e financeira,2023.0,2025.0,Coleta iniciada em 2023,"2007, 2008, 2009, 2010, 2011, 2012, 2013, 2014, 2015, 2016, 2017, 2018, 2019, 2020, 2021, 2022",Comparável apenas no período de coleta,"0 - Não
1 - Sim
   - Não aplicável para sem parceria/convênio",
Escola,IN_FORMA_CONT_ES_CONSORCIO_PUB,"Forma(s) de contratação da parceria ou convênio entre a escola e a Secretaria estadual de educação - Contrato de consórcio público/Convênio de
cooperação",2023.0,2025.0,Coleta iniciada em 2023,"2007, 2008, 2009, 2010, 2011, 2012, 2013, 2014, 2015, 2016, 2017, 2018, 2019, 2020, 2021, 2022",Comparável apenas no período de coleta,"0 - Não
1 - Sim
   - Não aplicável para sem parceria/convênio",
Escola,IN_TIPO_ATEND_ESCOLARIZACAO,Tipo de atendimento ofertado por meio da parceria ou convênio - Escolarização,2022.0,2022.0,Coleta contínua de 2022 a 2022,"2007, 2008, 2009, 2010, 2011, 2012, 2013, 2014, 2015, 2016, 2017, 2018, 2019, 2020, 2021, 2023, 2024, 2025",Comparável apenas no período de coleta,"0 - Não
1 - Sim
   - Não aplicável para escolas sem parceria/convênio",
Escola,IN_TIPO_ATEND_AC,Tipo de atendimento ofertado por meio da parceria ou convênio - Atividade Complementar,2022.0,2022.0,Coleta contínua de 2022 a 2022,"2007, 2008, 2009, 2010, 2011, 2012, 2013, 2014, 2015, 2016, 2017, 2018, 2019, 2020, 2021, 2023, 2024, 2025",Comparável apenas no período de coleta,"0 - Não
1 - Sim
   - Não aplicável para escolas sem parceria/convênio",
Escola,IN_TIPO_ATEND_AEE,Tipo de atendimento ofertado por meio da parceria ou convênio - Atendimento Educacional Especializado (AEE),2022.0,2022.0,Coleta contínua de 2022 a 2022,"2007, 2008, 2009, 2010, 2011, 2012, 2013, 2014, 2015, 2016, 2017, 2018, 2019, 2020, 2021, 2023, 2024, 2025",Comparável apenas no período de coleta,"0 - Não
1 - Sim
   - Não aplicável para escolas sem parceria/convênio",
Escola,IN_MANT_ESCOLA_PRIVADA_EMP,Mantenedora da escola privada - Empresa ou grupo empresarial do setor privado ou pessoa física,2007.0,2025.0,Coleta contínua 2007-2025,,Potencialmente comparável em toda a série,"0 - Não
1 - Sim
   - Não aplicável para escolas públicas",
Escola,IN_MANT_ESCOLA_PRIVADA_ONG,Mantenedora da escola privada - Organização Não Governamental (ONG) - internacional ou nacional,2019.0,2025.0,Coleta iniciada em 2019,"2007, 2008, 2009, 2010, 2011, 2012, 2013, 2014, 2015, 2016, 2017, 2018",Comparável apenas no período de coleta,"0 - Não
1 - Sim
   - Não aplicável para escolas públicas",
Escola,IN_MANT_ESCOLA_PRIVADA_OSCIP,Mantenedora da escola privada - Organização da Sociedade Civil de Interesse Público (Oscip),2019.0,2025.0,Coleta iniciada em 2019,"2007, 2008, 2009, 2010, 2011, 2012, 2013, 2014, 2015, 2016, 2017, 2018",Comparável apenas no período de coleta,"0 - Não
1 - Sim
   - Não aplicável para escolas públicas",
Escola,IN_MANT_ESCOLA_PRIV_ONG_OSCIP,"Mantenedora da escola privada - Organização Não Governamental (ONG) - internacional ou nacional.
Organização da Sociedade Civil de Interesse Público (Oscip)",2007.0,2025.0,Coleta contínua 2007-2025,,Potencialmente comparável em toda a série,"0 - Não
1 - Sim
   - Não aplicável para escolas públicas","A partir de 2019:
Variável derivada juntando IN_MANT_ESCOLA_PRIVADA_ONG e IN_MANT_ESCOLA_PRIVADA_OSCIP "
Escola,IN_MANT_ESCOLA_PRIVADA_SIND,"Mantenedora da escola privada - Sindicatos de trabalhadores ou patronais, associações e cooperativas",2007.0,2025.0,Coleta contínua 2007-2025,,Potencialmente comparável em toda a série,"0 - Não
1 - Sim
   - Não aplicável para escolas públicas",
Escola,IN_MANT_ESCOLA_PRIVADA_SIST_S,"Mantenedora da escola privada - Sistema S (Sesi, Senai, Sesc, outros)",2012.0,2025.0,Coleta iniciada em 2012,"2007, 2008, 2009, 2010, 2011",Comparável apenas no período de coleta,"0 - Não
1 - Sim
   - Não aplicável para escolas públicas",
Escola,IN_MANT_ESCOLA_PRIVADA_S_FINS,Mantenedora da escola privada - Instituições sem fins lucrativos,2009.0,2025.0,Coleta iniciada em 2009,"2007, 2008",Comparável apenas no período de coleta,"0 - Não
1 - Sim
   - Não aplicável para escolas públicas",
Escola,NU_CNPJ_ESCOLA_PRIVADA,Número do CNPJ da escola privada,2007.0,2025.0,Coleta contínua 2007-2025,,Potencialmente comparável em toda a série,"99999999999999 - Sem declaração
                                  - Não aplicável para escolas públicas",
Escola,NU_CNPJ_MANTENEDORA,Número do CNPJ da mantenedora principal da escola privada,2010.0,2025.0,Coleta iniciada em 2010,"2007, 2008, 2009",Comparável apenas no período de coleta,"99999999999999 - Sem declaração
                                  - Não aplicável para escolas públicas",
Escola,TP_REGULAMENTACAO,"Regulamentação/Autorização no conselho ou órgão municipal, estadual ou federal de educação",2007.0,2025.0,Coleta contínua 2007-2025,,Potencialmente comparável em toda a série,"0 - Não
1 - Sim
2 - Em tramitação",
Escola,TP_RESPONSAVEL_REGULAMENTACAO,Esfera administrativa do conselho ou órgão responsável pela Regulamentação/Autorização,2019.0,2025.0,Coleta iniciada em 2019,"2007, 2008, 2009, 2010, 2011, 2012, 2013, 2014, 2015, 2016, 2017, 2018",Comparável apenas no período de coleta,"1 - Federal
2 - Estadual
3 - Municipal
4 - Estadual e Municipal
5 - Federal e Estadual
6 - Federal, Estadual e Municipal
9 - Não informado
   - Não aplicável para escolas sem regulamentação  ",
Escola,CO_ESCOLA_SEDE_VINCULADA,Código da escola sede,2015.0,2025.0,Coleta iniciada em 2015,"2007, 2008, 2009, 2010, 2011, 2012, 2013, 2014",Comparável apenas no período de coleta,   - Não aplicável para escolas que não possuem vínculo,
Escola,CO_IES_OFERTANTE,Código da IES vinculada à escola,2015.0,2025.0,Coleta iniciada em 2015,"2007, 2008, 2009, 2010, 2011, 2012, 2013, 2014",Comparável apenas no período de coleta,   - Não aplicável para escolas que não possuem vínculo,
Escola,IN_LOCAL_FUNC_PREDIO_ESCOLAR,Local de funcionamento da escola - Prédio Escolar,2007.0,2025.0,Coleta contínua 2007-2025,,Potencialmente comparável em toda a série,"0 - Não
1 - Sim",
Escola,TP_OCUPACAO_PREDIO_ESCOLAR,Forma de ocupação do Prédio escolar,2011.0,2025.0,Coleta iniciada em 2011,"2007, 2008, 2009, 2010",Comparável apenas no período de coleta,"1 - Próprio
2 - Alugado
3 - Cedido
   - Não aplicável para escolas que não ocupam prédio 
     escolar",
Escola,IN_LOCAL_FUNC_SALAS_EMPRESA,Local de funcionamento da escola - Salas de empresa,2007.0,2018.0,Descontinuada após 2018,"2019, 2020, 2021, 2022, 2023, 2024, 2025",Comparável apenas no período de coleta,"0 - Não
1 - Sim",
Escola,IN_LOCAL_FUNC_SOCIOEDUCATIVO,Local de funcionamento da escola - Unidade de Atendimento socioeducativo,2013.0,2025.0,Coleta iniciada em 2013,"2007, 2008, 2009, 2010, 2011, 2012",Comparável apenas no período de coleta,"0 - Não
1 - Sim",
Escola,IN_LOCAL_FUNC_UNID_PRISIONAL,Local de funcionamento da escola - Unidade Prisional,2013.0,2025.0,Coleta iniciada em 2013,"2007, 2008, 2009, 2010, 2011, 2012",Comparável apenas no período de coleta,"0 - Não
1 - Sim",
Escola,IN_LOCAL_FUNC_PRISIONAL_SOCIO,Local de funcionamento da escola - Unidade Prisional ou Unidade de atendimento socioeducativo,2007.0,2025.0,Coleta contínua 2007-2025,,Potencialmente comparável em toda a série,"0 - Não
1 - Sim",
Escola,IN_LOCAL_FUNC_TEMPLO_IGREJA,Local de funcionamento da escola - Templo/Igreja,2007.0,2018.0,Descontinuada após 2018,"2019, 2020, 2021, 2022, 2023, 2024, 2025",Comparável apenas no período de coleta,"0 - Não
1 - Sim",
Escola,IN_LOCAL_FUNC_CASA_PROFESSOR,Local de funcionamento da escola - Casa do professor,2007.0,2018.0,Descontinuada após 2018,"2019, 2020, 2021, 2022, 2023, 2024, 2025",Comparável apenas no período de coleta,"0 - Não
1 - Sim",
Escola,IN_LOCAL_FUNC_GALPAO,Local de funcionamento da escola - Galpão/Rancho/Paiol/Barracão,2007.0,2025.0,Coleta contínua 2007-2025,,Potencialmente comparável em toda a série,"0 - Não
1 - Sim",
Escola,TP_OCUPACAO_GALPAO,Forma de ocupação do Galpão/Rancho/Paiol/Barracão,2011.0,2025.0,Coleta iniciada em 2011,"2007, 2008, 2009, 2010",Comparável apenas no período de coleta,"1 - Próprio
2 - Alugado
3 - Cedido
9 - Não informado
   - Não aplicável para escolas que não ocupam
     Galpão/Rancho/Paiol/Barracão ",
Escola,IN_LOCAL_FUNC_SALAS_OUTRA_ESC,Local de funcionamento da escola - Salas em outra escola,2007.0,2025.0,Coleta contínua 2007-2025,,Potencialmente comparável em toda a série,"0 - Não
1 - Sim",
Escola,IN_LOCAL_FUNC_OUTROS,Local de funcionamento da escola - Outros,2007.0,2025.0,Coleta contínua 2007-2025,,Potencialmente comparável em toda a série,"0 - Não
1 - Sim",
Escola,IN_PREDIO_COMPARTILHADO,Prédio compartilhado com outra escola,2007.0,2025.0,Coleta contínua 2007-2025,,Potencialmente comparável em toda a série,"0 - Não
1 - Sim
   - Não aplicável para escolas que não ocupam prédio 
     escolar",
Escola,IN_AGUA_FILTRADA,Água consumida pelos alunos,2007.0,2018.0,Descontinuada após 2018,"2019, 2020, 2021, 2022, 2023, 2024, 2025",Comparável apenas no período de coleta,"0 - Não
1 - Sim",
Escola,IN_AGUA_POTAVEL,Fornece água potável para o consumo humano,2019.0,2025.0,Coleta iniciada em 2019,"2007, 2008, 2009, 2010, 2011, 2012, 2013, 2014, 2015, 2016, 2017, 2018",Comparável apenas no período de coleta,"0 - Não
1 - Sim",
Escola,IN_AGUA_REDE_PUBLICA,Abastecimento de água - Rede pública,2007.0,2025.0,Coleta contínua 2007-2025,,Potencialmente comparável em toda a série,"0 - Não
1 - Sim",
Escola,IN_AGUA_POCO_ARTESIANO,Abastecimento de água - Poço artesiano,2007.0,2025.0,Coleta contínua 2007-2025,,Potencialmente comparável em toda a série,"0 - Não
1 - Sim",
Escola,IN_AGUA_CACIMBA,Abastecimento de água - Cacimba/Cisterna/Poço,2007.0,2025.0,Coleta contínua 2007-2025,,Potencialmente comparável em toda a série,"0 - Não
1 - Sim",
Escola,IN_AGUA_FONTE_RIO,Abastecimento de água - Fonte/Rio/Igarapé/Riacho/Córrego,2007.0,2025.0,Coleta contínua 2007-2025,,Potencialmente comparável em toda a série,"0 - Não
1 - Sim",
Escola,IN_AGUA_INEXISTENTE,Abastecimento de água - Não há abastecimento de água,2007.0,2025.0,Coleta contínua 2007-2025,,Potencialmente comparável em toda a série,"0 - Não
1 - Sim",
Escola,IN_AGUA_CARRO_PIPA,Abastecimento de água - Carro-pipa,2024.0,2025.0,Coleta iniciada em 2024,"2007, 2008, 2009, 2010, 2011, 2012, 2013, 2014, 2015, 2016, 2017, 2018, 2019, 2020, 2021, 2022, 2023",Comparável apenas no período de coleta,"0 - Não
1 - Sim",
Escola,IN_ENERGIA_REDE_PUBLICA,Abastecimento de energia elétrica - Rede pública,2007.0,2025.0,Coleta contínua 2007-2025,,Potencialmente comparável em toda a série,"0 - Não
1 - Sim",
Escola,IN_ENERGIA_GERADOR,Abastecimento de energia elétrica - Gerador,2007.0,2018.0,Descontinuada após 2018,"2019, 2020, 2021, 2022, 2023, 2024, 2025",Comparável apenas no período de coleta,"0 - Não
1 - Sim",
Escola,IN_ENERGIA_GERADOR_FOSSIL,Abastecimento de energia elétrica - Gerador movido a combustível fóssil,2019.0,2025.0,Coleta iniciada em 2019,"2007, 2008, 2009, 2010, 2011, 2012, 2013, 2014, 2015, 2016, 2017, 2018",Comparável apenas no período de coleta,"0 - Não
1 - Sim",
Escola,IN_ENERGIA_OUTROS,Abastecimento de energia elétrica - Outros (Energia alternativa),2007.0,2018.0,Descontinuada após 2018,"2019, 2020, 2021, 2022, 2023, 2024, 2025",Comparável apenas no período de coleta,"0 - Não
1 - Sim",
Escola,IN_ENERGIA_RENOVAVEL,"Abastecimento de energia elétrica - Fontes de energia renováveis ou alternativas (gerador a biocombustível e/ou biodigestores, eólica, solar, outras)",2019.0,2025.0,Coleta iniciada em 2019,"2007, 2008, 2009, 2010, 2011, 2012, 2013, 2014, 2015, 2016, 2017, 2018",Comparável apenas no período de coleta,"0 - Não
1 - Sim",
Escola,IN_ENERGIA_INEXISTENTE,Abastecimento de energia elétrica - Não há energia elétrica,2007.0,2025.0,Coleta contínua 2007-2025,,Potencialmente comparável em toda a série,"0 - Não
1 - Sim",
Escola,IN_ESGOTO_REDE_PUBLICA,Esgoto sanitário - Rede pública,2007.0,2025.0,Coleta contínua 2007-2025,,Potencialmente comparável em toda a série,"0 - Não
1 - Sim",
Escola,IN_ESGOTO_FOSSA_SEPTICA,Esgoto sanitário - Fossa Séptica,2019.0,2025.0,Coleta iniciada em 2019,"2007, 2008, 2009, 2010, 2011, 2012, 2013, 2014, 2015, 2016, 2017, 2018",Comparável apenas no período de coleta,"0 - Não
1 - Sim",
Escola,IN_ESGOTO_FOSSA_COMUM,Esgoto sanitário - Fossa rudimentar/comum,2019.0,2025.0,Coleta iniciada em 2019,"2007, 2008, 2009, 2010, 2011, 2012, 2013, 2014, 2015, 2016, 2017, 2018",Comparável apenas no período de coleta,"0 - Não
1 - Sim",
Escola,IN_ESGOTO_FOSSA,Esgoto sanitário - Fossa,2007.0,2025.0,Coleta contínua 2007-2025,,Potencialmente comparável em toda a série,"0 - Não
1 - Sim","A partir de 2019:
Variável derivada juntando IN_ESGOTO_FOSSA_SEPTICA e IN_ESGOTO_FOSSA_COMUM"
Escola,IN_ESGOTO_INEXISTENTE,Esgoto sanitário - Não há esgotamento sanitário,2007.0,2025.0,Coleta contínua 2007-2025,,Potencialmente comparável em toda a série,"0 - Não
1 - Sim",
Escola,IN_LIXO_SERVICO_COLETA,Destinação do lixo - Serviço de coleta,2007.0,2025.0,Coleta contínua 2007-2025,,Potencialmente comparável em toda a série,"0 - Não
1 - Sim",
Escola,IN_LIXO_QUEIMA,Destinação do lixo - Queima,2007.0,2025.0,Coleta contínua 2007-2025,,Potencialmente comparável em toda a série,"0 - Não
1 - Sim",
Escola,IN_LIXO_ENTERRA,Destinação do lixo - Enterra,2007.0,2025.0,Coleta contínua 2007-2025,,Potencialmente comparável em toda a série,"0 - Não
1 - Sim",
Escola,IN_LIXO_DESTINO_FINAL_PUBLICO,Destinação do lixo - Leva a uma destinação final financiada pelo poder público,2019.0,2025.0,Coleta iniciada em 2019,"2007, 2008, 2009, 2010, 2011, 2012, 2013, 2014, 2015, 2016, 2017, 2018",Comparável apenas no período de coleta,"0 - Não
1 - Sim",
Escola,IN_LIXO_DESCARTA_OUTRA_AREA,Destinação do lixo - Descarta em outra área,2019.0,2025.0,Coleta iniciada em 2019,"2007, 2008, 2009, 2010, 2011, 2012, 2013, 2014, 2015, 2016, 2017, 2018",Comparável apenas no período de coleta,"0 - Não
1 - Sim",
Escola,IN_LIXO_JOGA_OUTRA_AREA,Destinação do lixo - Joga em outra área,2007.0,2018.0,Descontinuada após 2018,"2019, 2020, 2021, 2022, 2023, 2024, 2025",Comparável apenas no período de coleta,"0 - Não
1 - Sim",
Escola,IN_LIXO_OUTROS,Destinação do lixo - Outros,2007.0,2018.0,Descontinuada após 2018,"2019, 2020, 2021, 2022, 2023, 2024, 2025",Comparável apenas no período de coleta,"0 - Não
1 - Sim",
Escola,IN_LIXO_RECICLA,Tratamento do lixo/resíduos que a escola realiza - Reciclagem,2007.0,2018.0,Descontinuada após 2018,"2019, 2020, 2021, 2022, 2023, 2024, 2025",Comparável apenas no período de coleta,"0 - Não
1 - Sim",
Escola,IN_TRATAMENTO_LIXO_SEPARACAO,Tratamento do lixo/resíduos que a escola realiza - Separação do lixo/resíduos,2019.0,2025.0,Coleta iniciada em 2019,"2007, 2008, 2009, 2010, 2011, 2012, 2013, 2014, 2015, 2016, 2017, 2018",Comparável apenas no período de coleta,"0 - Não
1 - Sim
9 - Não informado",
Escola,IN_TRATAMENTO_LIXO_REUTILIZA,Tratamento do lixo/resíduos que a escola realiza - Reaproveitamento/reutilização,2019.0,2025.0,Coleta iniciada em 2019,"2007, 2008, 2009, 2010, 2011, 2012, 2013, 2014, 2015, 2016, 2017, 2018",Comparável apenas no período de coleta,"0 - Não
1 - Sim
9 - Não informado",
Escola,IN_TRATAMENTO_LIXO_RECICLAGEM,Tratamento do lixo/resíduos que a escola realiza - Reciclagem,2019.0,2025.0,Coleta iniciada em 2019,"2007, 2008, 2009, 2010, 2011, 2012, 2013, 2014, 2015, 2016, 2017, 2018",Comparável apenas no período de coleta,"0 - Não
1 - Sim
9 - Não informado",
Escola,IN_TRATAMENTO_LIXO_INEXISTENTE,Tratamento do lixo/resíduos que a escola realiza - Não faz tratamento,2019.0,2025.0,Coleta iniciada em 2019,"2007, 2008, 2009, 2010, 2011, 2012, 2013, 2014, 2015, 2016, 2017, 2018",Comparável apenas no período de coleta,"0 - Não
1 - Sim
9 - Não informado",
Escola,IN_ALMOXARIFADO,Dependências físicas existentes e utilizadas na escola - Almoxarifado,2012.0,2025.0,Coleta iniciada em 2012,"2007, 2008, 2009, 2010, 2011",Comparável apenas no período de coleta,"0 - Não
1 - Sim",
Escola,IN_AREA_VERDE,Dependências físicas existentes e utilizadas na escola - Área de vegetação ou gramado,2012.0,2025.0,Coleta iniciada em 2012,"2007, 2008, 2009, 2010, 2011",Comparável apenas no período de coleta,"0 - Não
1 - Sim",
Escola,IN_AREA_PLANTIO,"Dependências físicas existentes e utilizadas na escola - Área de horta, plantio e/ou produção agrícola",2024.0,2025.0,Coleta iniciada em 2024,"2007, 2008, 2009, 2010, 2011, 2012, 2013, 2014, 2015, 2016, 2017, 2018, 2019, 2020, 2021, 2022, 2023",Comparável apenas no período de coleta,"0 - Não
1 - Sim",
Escola,IN_AUDITORIO,Dependências físicas existentes e utilizadas na escola - Auditório,2012.0,2025.0,Coleta iniciada em 2012,"2007, 2008, 2009, 2010, 2011",Comparável apenas no período de coleta,"0 - Não
1 - Sim",
Escola,IN_BANHEIRO_FORA_PREDIO,Dependências físicas existentes e utilizadas na escola - Banheiro fora do prédio,2007.0,2018.0,Descontinuada após 2018,"2019, 2020, 2021, 2022, 2023, 2024, 2025",Comparável apenas no período de coleta,"0 - Não
1 - Sim",
Escola,IN_BANHEIRO_DENTRO_PREDIO,Dependências físicas existentes e utilizadas na escola - Banheiro dentro do prédio,2007.0,2018.0,Descontinuada após 2018,"2019, 2020, 2021, 2022, 2023, 2024, 2025",Comparável apenas no período de coleta,"0 - Não
1 - Sim",
Escola,IN_BANHEIRO,Dependências físicas existentes e utilizadas na escola - Banheiro ,2019.0,2025.0,Coleta iniciada em 2019,"2007, 2008, 2009, 2010, 2011, 2012, 2013, 2014, 2015, 2016, 2017, 2018",Comparável apenas no período de coleta,"0 - Não
1 - Sim",
Escola,IN_BANHEIRO_EI,Dependências físicas existentes e utilizadas na escola - Banheiro adequado à educação infantil,2009.0,2025.0,Coleta iniciada em 2009,"2007, 2008",Comparável apenas no período de coleta,"0 - Não
1 - Sim",
Escola,IN_BANHEIRO_PNE,"Dependências físicas existentes e utilizadas na escola - Banheiro acessível, adequado ao uso de pessoas com deficiência ou mobilidade reduzida",2007.0,2025.0,Coleta contínua 2007-2025,,Potencialmente comparável em toda a série,"0 - Não
1 - Sim",
Escola,IN_BANHEIRO_FUNCIONARIOS,Dependências físicas existentes e utilizadas na escola - Banheiro exclusivo para os funcionários,2019.0,2025.0,Coleta iniciada em 2019,"2007, 2008, 2009, 2010, 2011, 2012, 2013, 2014, 2015, 2016, 2017, 2018",Comparável apenas no período de coleta,"0 - Não
1 - Sim",
Escola,IN_BANHEIRO_CHUVEIRO,Dependências físicas existentes e utilizadas na escola - Banheiro ou vestiário com chuveiro,2012.0,2025.0,Coleta iniciada em 2012,"2007, 2008, 2009, 2010, 2011",Comparável apenas no período de coleta,"0 - Não
1 - Sim","De 2012 a 2018: ""Banheiro com chuveiro""
A partir de 2019: ""Banheiro ou vestiário com chuveiro"""
Escola,IN_BERCARIO,Dependências físicas existentes e utilizadas na escola - Berçário,2009.0,2018.0,Coleta contínua de 2009 a 2018,"2007, 2008, 2019, 2020, 2021, 2022, 2023, 2024, 2025",Comparável apenas no período de coleta,"0 - Não
1 - Sim",
Escola,IN_BIBLIOTECA,Dependências físicas existentes e utilizadas na escola - Biblioteca,2009.0,2025.0,Coleta iniciada em 2009,"2007, 2008",Comparável apenas no período de coleta,"0 - Não
1 - Sim",
Escola,IN_BIBLIOTECA_SALA_LEITURA,Dependências físicas existentes e utilizadas na escola - Biblioteca e/ou Sala de leitura,2007.0,2025.0,Coleta contínua 2007-2025,,Potencialmente comparável em toda a série,"0 - Não
1 - Sim",
Escola,IN_COZINHA,Dependências físicas existentes e utilizadas na escola - Cozinha,2007.0,2025.0,Coleta contínua 2007-2025,,Potencialmente comparável em toda a série,"0 - Não
1 - Sim",
Escola,IN_DESPENSA,Dependências físicas existentes e utilizadas na escola - Despensa,2012.0,2025.0,Coleta iniciada em 2012,"2007, 2008, 2009, 2010, 2011",Comparável apenas no período de coleta,"0 - Não
1 - Sim",
Escola,IN_DORMITORIO_ALUNO,Dependências físicas existentes e utilizadas na escola - Dormitório de aluno(a),2012.0,2025.0,Coleta iniciada em 2012,"2007, 2008, 2009, 2010, 2011",Comparável apenas no período de coleta,"0 - Não
1 - Sim","De 2012 a 2018: ""Alojamento de aluno""
A partir de 2019: ""Dormitório de aluno(a)"
Escola,IN_DORMITORIO_PROFESSOR,Dependências físicas existentes e utilizadas na escola - Dormitório de professor(a),2012.0,2025.0,Coleta iniciada em 2012,"2007, 2008, 2009, 2010, 2011",Comparável apenas no período de coleta,"0 - Não
1 - Sim","De 2012 a 2018: ""Alojamento de professor""
A partir de 2019: ""Dormitório de professor(a)"""
Escola,IN_LABORATORIO_CIENCIAS,Dependências físicas existentes e utilizadas na escola - Laboratório de ciências,2007.0,2025.0,Coleta contínua 2007-2025,,Potencialmente comparável em toda a série,"0 - Não
1 - Sim",
Escola,IN_LABORATORIO_INFORMATICA,Dependências físicas existentes e utilizadas na escola - Laboratório de informática,2007.0,2025.0,Coleta contínua 2007-2025,,Potencialmente comparável em toda a série,"0 - Não
1 - Sim",
Escola,IN_LABORATORIO_EDUC_PROF,Dependências físicas existentes e utilizadas na escola - Laboratório específico para a Educação Profissional,2022.0,2025.0,Coleta iniciada em 2022,"2007, 2008, 2009, 2010, 2011, 2012, 2013, 2014, 2015, 2016, 2017, 2018, 2019, 2020, 2021",Comparável apenas no período de coleta,"0 - Não
1 - Sim",
Escola,IN_PATIO_COBERTO,Dependências físicas existentes e utilizadas na escola - Pátio coberto,2012.0,2025.0,Coleta iniciada em 2012,"2007, 2008, 2009, 2010, 2011",Comparável apenas no período de coleta,"0 - Não
1 - Sim",
Escola,IN_PATIO_DESCOBERTO,Dependências físicas existentes e utilizadas na escola - Pátio descoberto,2012.0,2025.0,Coleta iniciada em 2012,"2007, 2008, 2009, 2010, 2011",Comparável apenas no período de coleta,"0 - Não
1 - Sim",
Escola,IN_PARQUE_INFANTIL,Dependências físicas existentes e utilizadas na escola - Parque infantil,2007.0,2025.0,Coleta contínua 2007-2025,,Potencialmente comparável em toda a série,"0 - Não
1 - Sim",
Escola,IN_PISCINA,Dependências físicas existentes e utilizadas na escola - Piscina,2019.0,2025.0,Coleta iniciada em 2019,"2007, 2008, 2009, 2010, 2011, 2012, 2013, 2014, 2015, 2016, 2017, 2018",Comparável apenas no período de coleta,"0 - Não
1 - Sim",
Escola,IN_QUADRA_ESPORTES,Dependências físicas existentes e utilizadas na escola - Quadra de esportes coberta ou descoberta,2007.0,2025.0,Coleta contínua 2007-2025,,Potencialmente comparável em toda a série,"0 - Não
1 - Sim",
Escola,IN_QUADRA_ESPORTES_COBERTA,Dependências físicas existentes e utilizadas na escola - Quadra de esportes coberta,2011.0,2025.0,Coleta iniciada em 2011,"2007, 2008, 2009, 2010",Comparável apenas no período de coleta,"0 - Não
1 - Sim",
Escola,IN_QUADRA_ESPORTES_DESCOBERTA,Dependências físicas existentes e utilizadas na escola - Quadra de esportes descoberta,2011.0,2025.0,Coleta iniciada em 2011,"2007, 2008, 2009, 2010",Comparável apenas no período de coleta,"0 - Não
1 - Sim",
Escola,IN_REFEITORIO,Dependências físicas existentes e utilizadas na escola - Refeitório,2012.0,2025.0,Coleta iniciada em 2012,"2007, 2008, 2009, 2010, 2011",Comparável apenas no período de coleta,"0 - Não
1 - Sim",
Escola,IN_SALA_ATELIE_ARTES,Dependências físicas existentes e utilizadas na escola - Sala/ateliê de artes,2019.0,2025.0,Coleta iniciada em 2019,"2007, 2008, 2009, 2010, 2011, 2012, 2013, 2014, 2015, 2016, 2017, 2018",Comparável apenas no período de coleta,"0 - Não
1 - Sim",
Escola,IN_SALA_MUSICA_CORAL,Dependências físicas existentes e utilizadas na escola -  Sala de música/coral,2019.0,2025.0,Coleta iniciada em 2019,"2007, 2008, 2009, 2010, 2011, 2012, 2013, 2014, 2015, 2016, 2017, 2018",Comparável apenas no período de coleta,"0 - Não
1 - Sim",
Escola,IN_SALA_ESTUDIO_DANCA,Dependências físicas existentes e utilizadas na escola - Sala/estúdio de dança,2019.0,2025.0,Coleta iniciada em 2019,"2007, 2008, 2009, 2010, 2011, 2012, 2013, 2014, 2015, 2016, 2017, 2018",Comparável apenas no período de coleta,"0 - Não
1 - Sim",
Escola,IN_SALA_MULTIUSO,"Dependências físicas existentes e utilizadas na escola - Sala multiuso (música, dança e artes)",2019.0,2025.0,Coleta iniciada em 2019,"2007, 2008, 2009, 2010, 2011, 2012, 2013, 2014, 2015, 2016, 2017, 2018",Comparável apenas no período de coleta,"0 - Não
1 - Sim",
Escola,IN_SALA_ESTUDIO_GRAVACAO,Dependências físicas existentes e utilizadas na escola - Estúdio de gravação e edição,2023.0,2025.0,Coleta iniciada em 2023,"2007, 2008, 2009, 2010, 2011, 2012, 2013, 2014, 2015, 2016, 2017, 2018, 2019, 2020, 2021, 2022",Comparável apenas no período de coleta,"0 - Não
1 - Sim",
Escola,IN_SALA_OFICINAS_EDUC_PROF,Dependências físicas existentes e utilizadas na escola - Salas de oficinas da Educação Profissional,2022.0,2025.0,Coleta iniciada em 2022,"2007, 2008, 2009, 2010, 2011, 2012, 2013, 2014, 2015, 2016, 2017, 2018, 2019, 2020, 2021",Comparável apenas no período de coleta,"0 - Não
1 - Sim",
Escola,IN_SALA_DIRETORIA,Dependências físicas existentes e utilizadas na escola - Sala de Diretoria,2007.0,2025.0,Coleta contínua 2007-2025,,Potencialmente comparável em toda a série,"0 - Não
1 - Sim",
Escola,IN_SALA_LEITURA,Dependências físicas existentes e utilizadas na escola - Sala de leitura,2009.0,2025.0,Coleta iniciada em 2009,"2007, 2008",Comparável apenas no período de coleta,"0 - Não
1 - Sim",
Escola,IN_SALA_PROFESSOR,Dependências físicas existentes e utilizadas na escola - Sala de professores,2007.0,2025.0,Coleta contínua 2007-2025,,Potencialmente comparável em toda a série,"0 - Não
1 - Sim",
Escola,IN_SALA_REPOUSO_ALUNO,Dependências físicas existentes e utilizadas na escola - Sala de repouso para aluno(a),2019.0,2025.0,Coleta iniciada em 2019,"2007, 2008, 2009, 2010, 2011, 2012, 2013, 2014, 2015, 2016, 2017, 2018",Comparável apenas no período de coleta,"0 - Não
1 - Sim",
Escola,IN_SECRETARIA,Dependências físicas existentes e utilizadas na escola - Sala de Secretaria,2012.0,2025.0,Coleta iniciada em 2012,"2007, 2008, 2009, 2010, 2011",Comparável apenas no período de coleta,"0 - Não
1 - Sim",
Escola,IN_SALA_ATENDIMENTO_ESPECIAL,Dependências físicas existentes e utilizadas na escola - Sala de Recursos Multifuncionais para Atendimento Educacional Especializado (AEE),2007.0,2025.0,Coleta contínua 2007-2025,,Potencialmente comparável em toda a série,"0 - Não
1 - Sim",
Escola,IN_TERREIRAO,"Dependências físicas existentes e utilizadas na escola - Terreirão (área para prática desportiva e recreação sem cobertura, sem piso e sem edificações)",2019.0,2025.0,Coleta iniciada em 2019,"2007, 2008, 2009, 2010, 2011, 2012, 2013, 2014, 2015, 2016, 2017, 2018",Comparável apenas no período de coleta,"0 - Não
1 - Sim",
Escola,IN_VIVEIRO,Dependências físicas existentes e utilizadas na escola -  Viveiro/criação de animais,2019.0,2025.0,Coleta iniciada em 2019,"2007, 2008, 2009, 2010, 2011, 2012, 2013, 2014, 2015, 2016, 2017, 2018",Comparável apenas no período de coleta,"0 - Não
1 - Sim",
Escola,IN_DEPENDENCIAS_PNE,Dependências físicas existentes e utilizadas na escola - Dependências e vias adequadas a alunos com deficiência ou mobilidade reduzida,2007.0,2018.0,Descontinuada após 2018,"2019, 2020, 2021, 2022, 2023, 2024, 2025",Comparável apenas no período de coleta,"0 - Não
1 - Sim",
Escola,IN_LAVANDERIA,Dependências físicas existentes e utilizadas na escola - Lavanderia,2012.0,2018.0,Coleta contínua de 2012 a 2018,"2007, 2008, 2009, 2010, 2011, 2019, 2020, 2021, 2022, 2023, 2024, 2025",Comparável apenas no período de coleta,"0 - Não
1 - Sim",
Escola,IN_DEPENDENCIAS_OUTRAS,Dependências existentes na escola - Nenhuma das dependências relacionadas,2007.0,2025.0,Coleta contínua 2007-2025,,Potencialmente comparável em toda a série,"0 - Não
1 - Sim",
Escola,IN_ACESSIBILIDADE_CORRIMAO,Recursos de acessibilidade para pessoas com deficiência ou mobilidade reduzida nas vias de circulação interna na escola - Corrimão e guarda corpos,2019.0,2025.0,Coleta iniciada em 2019,"2007, 2008, 2009, 2010, 2011, 2012, 2013, 2014, 2015, 2016, 2017, 2018",Comparável apenas no período de coleta,"0 - Não
1 - Sim",
Escola,IN_ACESSIBILIDADE_ELEVADOR,Recursos de acessibilidade para pessoas com deficiência ou mobilidade reduzida nas vias de circulação interna na escola - Elevador,2019.0,2025.0,Coleta iniciada em 2019,"2007, 2008, 2009, 2010, 2011, 2012, 2013, 2014, 2015, 2016, 2017, 2018",Comparável apenas no período de coleta,"0 - Não
1 - Sim",
Escola,IN_ACESSIBILIDADE_PISOS_TATEIS,Recursos de acessibilidade para pessoas com deficiência ou mobilidade reduzida nas vias de circulação interna na escola - Pisos táteis,2019.0,2025.0,Coleta iniciada em 2019,"2007, 2008, 2009, 2010, 2011, 2012, 2013, 2014, 2015, 2016, 2017, 2018",Comparável apenas no período de coleta,"0 - Não
1 - Sim",
Escola,IN_ACESSIBILIDADE_VAO_LIVRE,"Recursos de acessibilidade para pessoas com deficiência ou mobilidade reduzida nas vias de circulação interna na escola - Portas com vão livre de, no mínimo, 80 cm",2019.0,2025.0,Coleta iniciada em 2019,"2007, 2008, 2009, 2010, 2011, 2012, 2013, 2014, 2015, 2016, 2017, 2018",Comparável apenas no período de coleta,"0 - Não
1 - Sim",
Escola,IN_ACESSIBILIDADE_RAMPAS,Recursos de acessibilidade para pessoas com deficiência ou mobilidade reduzida nas vias de circulação interna na escola - Rampas,2019.0,2025.0,Coleta iniciada em 2019,"2007, 2008, 2009, 2010, 2011, 2012, 2013, 2014, 2015, 2016, 2017, 2018",Comparável apenas no período de coleta,"0 - Não
1 - Sim",
Escola,IN_ACESSIBILIDADE_SINAL_SONORO,Recursos de acessibilidade para pessoas com deficiência ou mobilidade reduzida nas vias de circulação interna na escola - Sinalização sonora,2019.0,2025.0,Coleta iniciada em 2019,"2007, 2008, 2009, 2010, 2011, 2012, 2013, 2014, 2015, 2016, 2017, 2018",Comparável apenas no período de coleta,"0 - Não
1 - Sim",
Escola,IN_ACESSIBILIDADE_SINAL_TATIL,Recursos de acessibilidade para pessoas com deficiência ou mobilidade reduzida nas vias de circulação interna na escola - Sinalização tátil (piso/paredes),2019.0,2025.0,Coleta iniciada em 2019,"2007, 2008, 2009, 2010, 2011, 2012, 2013, 2014, 2015, 2016, 2017, 2018",Comparável apenas no período de coleta,"0 - Não
1 - Sim",
Escola,IN_ACESSIBILIDADE_SINAL_VISUAL,Recursos de acessibilidade para pessoas com deficiência ou mobilidade reduzida nas vias de circulação interna na escola - Sinalização visual (piso/paredes),2019.0,2025.0,Coleta iniciada em 2019,"2007, 2008, 2009, 2010, 2011, 2012, 2013, 2014, 2015, 2016, 2017, 2018",Comparável apenas no período de coleta,"0 - Não
1 - Sim",
Escola,IN_ACESSIBILIDADE_INEXISTENTE,Recursos de acessibilidade para pessoas com deficiência ou mobilidade reduzida nas vias de circulação interna na escola - Nenhum dos recursos de acessibilidade listados,2019.0,2025.0,Coleta iniciada em 2019,"2007, 2008, 2009, 2010, 2011, 2012, 2013, 2014, 2015, 2016, 2017, 2018",Comparável apenas no período de coleta,"0 - Não
1 - Sim",
Escola,IN_ACESSIBILIDADE_SINALIZACAO,Recursos de acessibilidade para pessoas com deficiência ou mobilidade reduzida nas vias de circulação interna na escola - Sinalização/alarme luminoso,2024.0,2025.0,Coleta iniciada em 2024,"2007, 2008, 2009, 2010, 2011, 2012, 2013, 2014, 2015, 2016, 2017, 2018, 2019, 2020, 2021, 2022, 2023",Comparável apenas no período de coleta,"0 - Não
1 - Sim",
Escola,QT_SALAS_EXISTENTES,Número de salas de aula existentes na escola,2007.0,2018.0,Descontinuada após 2018,"2019, 2020, 2021, 2022, 2023, 2024, 2025",Comparável apenas no período de coleta,,
Escola,QT_SALAS_UTILIZADAS_DENTRO,Número de salas de aula utilizadas na escola - Dentro do prédio,2019.0,2025.0,Coleta iniciada em 2019,"2007, 2008, 2009, 2010, 2011, 2012, 2013, 2014, 2015, 2016, 2017, 2018",Comparável apenas no período de coleta,,
Escola,QT_SALAS_UTILIZADAS_FORA,Número de salas de aula utilizadas na escola - Fora do prédio,2019.0,2025.0,Coleta iniciada em 2019,"2007, 2008, 2009, 2010, 2011, 2012, 2013, 2014, 2015, 2016, 2017, 2018",Comparável apenas no período de coleta,,
Escola,QT_SALAS_UTILIZADAS,Número de salas de aula utilizadas na escola (dentro e fora do prédio),2007.0,2025.0,Coleta contínua 2007-2025,,Potencialmente comparável em toda a série,,"A partir de 2019:
Variável derivada juntando QT_SALAS_UTILIZADAS_DENTRO e QT_SALAS_UTILIZADAS_FORA"
Escola,QT_SALAS_UTILIZA_CLIMATIZADAS,Condições das salas de aula utilizadas na escola (dentro e fora do prédio escolar) - Número de salas de aula climatizadas,2019.0,2025.0,Coleta iniciada em 2019,"2007, 2008, 2009, 2010, 2011, 2012, 2013, 2014, 2015, 2016, 2017, 2018",Comparável apenas no período de coleta,,
Escola,QT_SALAS_UTILIZADAS_ACESSIVEIS,Condições das salas de aula utilizadas na escola (dentro e fora do prédio escolar) - Número de salas de aula com acessibilidade para pessoas com deficiência ou mobilidade reduzida,2019.0,2025.0,Coleta iniciada em 2019,"2007, 2008, 2009, 2010, 2011, 2012, 2013, 2014, 2015, 2016, 2017, 2018",Comparável apenas no período de coleta,,
Escola,QT_SALAS_LEITURA ,"Quantidade de salas de aula com Cantinho da Leitura para a Educação Infantil e o Ensino fundamental (Anos iniciais). Nos Microdados de 2026, esta variável passará a se chamar QT_SALAS_CANT_LEITURA",2025.0,2025.0,Coleta iniciada em 2025,"2007, 2008, 2009, 2010, 2011, 2012, 2013, 2014, 2015, 2016, 2017, 2018, 2019, 2020, 2021, 2022, 2023, 2024",Comparável apenas no período de coleta,,
Escola,IN_EQUIP_PARABOLICA,Equipamentos existentes na escola para uso técnico e administrativo - Antena parabólica,2007.0,2025.0,Coleta contínua 2007-2025,,Potencialmente comparável em toda a série,"0 - Não
1 - Sim",
Escola,IN_COMPUTADOR,Equipamentos existentes na escola para uso técnico e administrativo - Computador,2007.0,2025.0,Coleta contínua 2007-2025,,Potencialmente comparável em toda a série,"0 - Não
1 - Sim",
Escola,IN_EQUIP_COPIADORA,Equipamentos existentes na escola para uso técnico e administrativo - Copiadora,2007.0,2025.0,Coleta contínua 2007-2025,,Potencialmente comparável em toda a série,"0 - Não
1 - Sim",
Escola,IN_EQUIP_IMPRESSORA,Equipamentos existentes na escola para uso técnico e administrativo - Impressora,2007.0,2025.0,Coleta contínua 2007-2025,,Potencialmente comparável em toda a série,"0 - Não
1 - Sim",
Escola,IN_EQUIP_IMPRESSORA_MULT,Equipamentos existentes na escola para uso técnico e administrativo - Impressora Multifuncional,2015.0,2025.0,Coleta iniciada em 2015,"2007, 2008, 2009, 2010, 2011, 2012, 2013, 2014",Comparável apenas no período de coleta,"0 - Não
1 - Sim",
Escola,IN_EQUIP_SCANNER,Equipamentos existentes na escola para uso técnico e administrativo - Scanner,2019.0,2025.0,Coleta iniciada em 2019,"2007, 2008, 2009, 2010, 2011, 2012, 2013, 2014, 2015, 2016, 2017, 2018",Comparável apenas no período de coleta,"0 - Não
1 - Sim",
Escola,IN_EQUIP_NENHUM,"Nenhum dos equipamentos listados para uso técnico e administrativo - Antena parabólica, Computador, Copiadora, Impressora, Impressora Multifuncional ou Scanner",2021.0,2025.0,Coleta iniciada em 2021,"2007, 2008, 2009, 2010, 2011, 2012, 2013, 2014, 2015, 2016, 2017, 2018, 2019, 2020",Comparável apenas no período de coleta,"0 - Não
1 - Sim",
Escola,IN_EQUIP_DVD,Equipamentos existentes na escola para o processo ensino e aprendizagem - DVD/Blu-ray,2007.0,2025.0,Coleta contínua 2007-2025,,Potencialmente comparável em toda a série,"0 - Não
1 - Sim",
Escola,QT_EQUIP_DVD,Quantidade de Aparelhos de DVD/Blu-ray,2013.0,2025.0,Coleta iniciada em 2013,"2007, 2008, 2009, 2010, 2011, 2012",Comparável apenas no período de coleta,88888 - registro com marcação de valor extremo (valor superior ao limite máximo de 4 equipamentos para cada 3 salas existentes - foram marcados apenas valores>3),"Em 2019:
primeiro ano em que foi aplicado tratamento de valores extremos, que são marcados com o código 88888."
Escola,IN_EQUIP_SOM,Equipamentos existentes na escola para o processo ensino e aprendizagem - Aparelho de som,2012.0,2025.0,Coleta iniciada em 2012,"2007, 2008, 2009, 2010, 2011",Comparável apenas no período de coleta,"0 - Não
1 - Sim",
Escola,QT_EQUIP_SOM,Quantidade de Aparelhos de som,2013.0,2025.0,Coleta iniciada em 2013,"2007, 2008, 2009, 2010, 2011, 2012",Comparável apenas no período de coleta,88888 - registro com marcação de valor extremo (valor superior ao limite máximo de 4 equipamentos para cada 3 salas existentes - foram marcados apenas valores>3),"Em 2019:
primeiro ano em que foi aplicado tratamento de valores extremos, que são marcados com o código 88888."
Escola,IN_EQUIP_TV,Equipamentos existentes na escola para o processo ensino e aprendizagem - Aparelho de televisão,2007.0,2025.0,Coleta contínua 2007-2025,,Potencialmente comparável em toda a série,"0 - Não
1 - Sim",
Escola,QT_EQUIP_TV,Quantidade de Aparelhos de televisão,2013.0,2025.0,Coleta iniciada em 2013,"2007, 2008, 2009, 2010, 2011, 2012",Comparável apenas no período de coleta,88888 - registro com marcação de valor extremo (valor superior ao limite máximo de 4 equipamentos para cada 3 salas existentes - foram marcados apenas valores>3),"Em 2019:
primeiro ano em que foi aplicado tratamento de valores extremos, que são marcados com o código 88888."
Escola,IN_EQUIP_LOUSA_DIGITAL,Equipamentos existentes na escola para o processo ensino e aprendizagem - Lousa digital,2019.0,2025.0,Coleta iniciada em 2019,"2007, 2008, 2009, 2010, 2011, 2012, 2013, 2014, 2015, 2016, 2017, 2018",Comparável apenas no período de coleta,"0 - Não
1 - Sim",
Escola,QT_EQUIP_LOUSA_DIGITAL,Quantidade de Lousas digitais,2019.0,2025.0,Coleta iniciada em 2019,"2007, 2008, 2009, 2010, 2011, 2012, 2013, 2014, 2015, 2016, 2017, 2018",Comparável apenas no período de coleta,88888 - registro com marcação de valor extremo (valor superior ao limite máximo de 4 equipamentos para cada 3 salas existentes - foram marcados apenas valores>3),"Em 2019:
primeiro ano em que foi aplicado tratamento de valores extremos, que são marcados com o código 88888."
Escola,IN_EQUIP_MULTIMIDIA,Equipamentos existentes na escola para o processo ensino e aprendizagem - Projetor Multimídia (Datashow),2012.0,2025.0,Coleta iniciada em 2012,"2007, 2008, 2009, 2010, 2011",Comparável apenas no período de coleta,"0 - Não
1 - Sim",
Escola,QT_EQUIP_MULTIMIDIA,Quantidade de Projetores Multimídia (Datashow),2013.0,2025.0,Coleta iniciada em 2013,"2007, 2008, 2009, 2010, 2011, 2012",Comparável apenas no período de coleta,88888 - registro com marcação de valor extremo (valor superior ao limite máximo de 4 equipamentos para cada 3 salas existentes - foram marcados apenas valores>3),"Em 2019:
primeiro ano em que foi aplicado tratamento de valores extremos, que são marcados com o código 88888."
Escola,IN_EQUIP_VIDEOCASSETE,Equipamentos existentes na escola - Videocassete,2007.0,2018.0,Descontinuada após 2018,"2019, 2020, 2021, 2022, 2023, 2024, 2025",Comparável apenas no período de coleta,"0 - Não
1 - Sim",
Escola,IN_EQUIP_RETROPROJETOR,Equipamentos existentes na escola - Retroprojetor,2007.0,2018.0,Descontinuada após 2018,"2019, 2020, 2021, 2022, 2023, 2024, 2025",Comparável apenas no período de coleta,"0 - Não
1 - Sim",
Escola,IN_EQUIP_FAX,Equipamentos existentes na escola - Fax,2012.0,2018.0,Coleta contínua de 2012 a 2018,"2007, 2008, 2009, 2010, 2011, 2019, 2020, 2021, 2022, 2023, 2024, 2025",Comparável apenas no período de coleta,"0 - Não
1 - Sim",
Escola,IN_EQUIP_FOTO,Equipamentos existentes na escola - Máquina fotográfica/Filmadora,2012.0,2018.0,Coleta contínua de 2012 a 2018,"2007, 2008, 2009, 2010, 2011, 2019, 2020, 2021, 2022, 2023, 2024, 2025",Comparável apenas no período de coleta,"0 - Não
1 - Sim",
Escola,QT_EQUIP_VIDEOCASSETE,Quantidade de Videocassetes,2013.0,2018.0,Coleta contínua de 2013 a 2018,"2007, 2008, 2009, 2010, 2011, 2012, 2019, 2020, 2021, 2022, 2023, 2024, 2025",Comparável apenas no período de coleta,,
Escola,QT_EQUIP_PARABOLICA,Quantidade de Antenas parabólicas,2013.0,2018.0,Coleta contínua de 2013 a 2018,"2007, 2008, 2009, 2010, 2011, 2012, 2019, 2020, 2021, 2022, 2023, 2024, 2025",Comparável apenas no período de coleta,,
Escola,QT_EQUIP_COPIADORA,Quantidade de Copiadoras,2013.0,2018.0,Coleta contínua de 2013 a 2018,"2007, 2008, 2009, 2010, 2011, 2012, 2019, 2020, 2021, 2022, 2023, 2024, 2025",Comparável apenas no período de coleta,,
Escola,QT_EQUIP_RETROPROJETOR,Quantidade de Retroprojetores,2013.0,2018.0,Coleta contínua de 2013 a 2018,"2007, 2008, 2009, 2010, 2011, 2012, 2019, 2020, 2021, 2022, 2023, 2024, 2025",Comparável apenas no período de coleta,,
Escola,QT_EQUIP_IMPRESSORA,Quantidade de Impressoras,2013.0,2018.0,Coleta contínua de 2013 a 2018,"2007, 2008, 2009, 2010, 2011, 2012, 2019, 2020, 2021, 2022, 2023, 2024, 2025",Comparável apenas no período de coleta,,
Escola,QT_EQUIP_IMPRESSORA_MULT,Quantidade de Impressoras Multifuncionais,2015.0,2018.0,Coleta contínua de 2015 a 2018,"2007, 2008, 2009, 2010, 2011, 2012, 2013, 2014, 2019, 2020, 2021, 2022, 2023, 2024, 2025",Comparável apenas no período de coleta,,
Escola,QT_EQUIP_FAX,Quantidade de Fax,2013.0,2018.0,Coleta contínua de 2013 a 2018,"2007, 2008, 2009, 2010, 2011, 2012, 2019, 2020, 2021, 2022, 2023, 2024, 2025",Comparável apenas no período de coleta,,
Escola,QT_EQUIP_FOTO,Quantidade de Máquinas Fotográficas/ Filmadoras,2013.0,2018.0,Coleta contínua de 2013 a 2018,"2007, 2008, 2009, 2010, 2011, 2012, 2019, 2020, 2021, 2022, 2023, 2024, 2025",Comparável apenas no período de coleta,,
Escola,QT_COMP_ALUNO,Quantidade de computadores em uso pelos alunos,2007.0,2018.0,Descontinuada após 2018,"2019, 2020, 2021, 2022, 2023, 2024, 2025",Comparável apenas no período de coleta,"  - Não aplicável para escolas que não possuem
    computador",
Escola,IN_DESKTOP_ALUNO,Computadores em uso pelos alunos - Computador de mesa (desktop),2019.0,2025.0,Coleta iniciada em 2019,"2007, 2008, 2009, 2010, 2011, 2012, 2013, 2014, 2015, 2016, 2017, 2018",Comparável apenas no período de coleta,"0 - Não
1 - Sim",
Escola,QT_DESKTOP_ALUNO,Quantidade de computadores em uso pelos alunos - Computador de mesa (desktop),2019.0,2025.0,Coleta iniciada em 2019,"2007, 2008, 2009, 2010, 2011, 2012, 2013, 2014, 2015, 2016, 2017, 2018",Comparável apenas no período de coleta,88888 - registro com marcação de valor extremo (valor superior ao limite máximo de 4 equipamentos para cada 3 matrículas - foram marcados apenas valores>3),"Em 2019:
primeiro ano em que foi aplicado tratamento de valores extremos, que são marcados com o código 88888."
Escola,IN_COMP_PORTATIL_ALUNO,Computadores em uso pelos alunos - Computador portátil,2019.0,2025.0,Coleta iniciada em 2019,"2007, 2008, 2009, 2010, 2011, 2012, 2013, 2014, 2015, 2016, 2017, 2018",Comparável apenas no período de coleta,"0 - Não
1 - Sim",
Escola,QT_COMP_PORTATIL_ALUNO,Quantidade de computadores em uso pelos alunos - Computador portátil,2019.0,2025.0,Coleta iniciada em 2019,"2007, 2008, 2009, 2010, 2011, 2012, 2013, 2014, 2015, 2016, 2017, 2018",Comparável apenas no período de coleta,88888 - registro com marcação de valor extremo (valor superior ao limite máximo de 4 equipamentos para cada 3 matrículas - foram marcados apenas valores>3),"Em 2019:
primeiro ano em que foi aplicado tratamento de valores extremos, que são marcados com o código 88888."
Escola,IN_TABLET_ALUNO,Computadores em uso pelos alunos - Tablet,2019.0,2025.0,Coleta iniciada em 2019,"2007, 2008, 2009, 2010, 2011, 2012, 2013, 2014, 2015, 2016, 2017, 2018",Comparável apenas no período de coleta,"0 - Não
1 - Sim",
Escola,QT_TABLET_ALUNO,Quantidade de computadores em uso pelos alunos - Tablet,2019.0,2025.0,Coleta iniciada em 2019,"2007, 2008, 2009, 2010, 2011, 2012, 2013, 2014, 2015, 2016, 2017, 2018",Comparável apenas no período de coleta,88888 - registro com marcação de valor extremo (valor superior ao limite máximo de 4 equipamentos para cada 3 matrículas - foram marcados apenas valores>3),"Em 2019:
primeiro ano em que foi aplicado tratamento de valores extremos, que são marcados com o código 88888."
Escola,QT_COMPUTADOR,Quantidade de computadores na escola,2007.0,2018.0,Descontinuada após 2018,"2019, 2020, 2021, 2022, 2023, 2024, 2025",Comparável apenas no período de coleta,,
Escola,QT_COMP_ADMINISTRATIVO,Quantidade de computadores de uso administrativo,2007.0,2018.0,Descontinuada após 2018,"2019, 2020, 2021, 2022, 2023, 2024, 2025",Comparável apenas no período de coleta,,
Escola,IN_INTERNET,Acesso à Internet,2007.0,2025.0,Coleta contínua 2007-2025,,Potencialmente comparável em toda a série,"0 - Não
1 - Sim",
Escola,IN_INTERNET_ALUNOS,Acesso à Internet - Para uso dos alunos,2019.0,2025.0,Coleta iniciada em 2019,"2007, 2008, 2009, 2010, 2011, 2012, 2013, 2014, 2015, 2016, 2017, 2018",Comparável apenas no período de coleta,"0 - Não
1 - Sim",
Escola,IN_INTERNET_ADMINISTRATIVO,Acesso à Internet - Para uso administrativo,2019.0,2025.0,Coleta iniciada em 2019,"2007, 2008, 2009, 2010, 2011, 2012, 2013, 2014, 2015, 2016, 2017, 2018",Comparável apenas no período de coleta,"0 - Não
1 - Sim",
Escola,IN_INTERNET_APRENDIZAGEM,Acesso à Internet - Para uso nos processos de ensino e aprendizagem,2019.0,2025.0,Coleta iniciada em 2019,"2007, 2008, 2009, 2010, 2011, 2012, 2013, 2014, 2015, 2016, 2017, 2018",Comparável apenas no período de coleta,"0 - Não
1 - Sim",
Escola,IN_INTERNET_COMUNIDADE,Acesso à Internet - Para uso da comunidade,2019.0,2025.0,Coleta iniciada em 2019,"2007, 2008, 2009, 2010, 2011, 2012, 2013, 2014, 2015, 2016, 2017, 2018",Comparável apenas no período de coleta,"0 - Não
1 - Sim",
Escola,IN_ACESSO_INTERNET_COMPUTADOR,"Equipamentos que os alunos usam para acessar a internet da escola - Computadores de mesa, portáteis e tablets da escola (no laboratório de informática, biblioteca, sala de aula etc.)",2019.0,2025.0,Coleta iniciada em 2019,"2007, 2008, 2009, 2010, 2011, 2012, 2013, 2014, 2015, 2016, 2017, 2018",Comparável apenas no período de coleta,"0 - Não
1 - Sim
9 - Não informado",
Escola,IN_ACES_INTERNET_DISP_PESSOAIS,"Equipamentos que os alunos usam para acessar a internet da escola - Dispositivos pessoais (computadores portáteis, celulares, tablets etc.)",2019.0,2025.0,Coleta iniciada em 2019,"2007, 2008, 2009, 2010, 2011, 2012, 2013, 2014, 2015, 2016, 2017, 2018",Comparável apenas no período de coleta,"0 - Não
1 - Sim
9 - Não informado",
Escola,TP_REDE_LOCAL,Rede local de interligação de computadores,2019.0,2025.0,Coleta iniciada em 2019,"2007, 2008, 2009, 2010, 2011, 2012, 2013, 2014, 2015, 2016, 2017, 2018",Comparável apenas no período de coleta,"0 - Não há rede local interligando computadores
1 - A cabo
2 - Wireless
3 - A cabo e Wireless
9 - Não informado",
Escola,IN_BANDA_LARGA,Internet Banda Larga,2008.0,2025.0,Coleta iniciada em 2008,2007,Comparável apenas no período de coleta,"0 - Não
1 - Sim
   - Não aplicável para escolas sem acesso à internet",
Escola,QT_FUNCIONARIOS,Total de funcionários da escola (inclusive profissionais escolares em sala de aula),2007.0,2018.0,Descontinuada após 2018,"2019, 2020, 2021, 2022, 2023, 2024, 2025",Comparável apenas no período de coleta,,
Escola,IN_PROF_ADMINISTRATIVOS,"Profissionais que atuam na escola - Auxiliares de secretaria ou auxiliares administrativos, atendentes",2019.0,2024.0,Coleta contínua de 2019 a 2024,"2007, 2008, 2009, 2010, 2011, 2012, 2013, 2014, 2015, 2016, 2017, 2018, 2025",Comparável apenas no período de coleta,"0 - Não
1 - Sim",
Escola,QT_PROF_ADMINISTRATIVOS,"Quantidade de profissionais que atuam na escola - Auxiliares de secretaria ou auxiliares administrativos, atendentes",2019.0,2025.0,Coleta iniciada em 2019,"2007, 2008, 2009, 2010, 2011, 2012, 2013, 2014, 2015, 2016, 2017, 2018",Comparável apenas no período de coleta,88888 - registro com marcação de valor extremo (valor superior ao limite máximo* definido com base na distribuição da razão de profissionais por matrícula),"Em 2019:
primeiro ano em que foi aplicado tratamento de valores extremos, que são marcados com o código 88888."
Escola,IN_PROF_SERVICOS_GERAIS,"Profissionais que atuam na escola - Auxiliar de serviços gerais, porteiro(a), zelador(a), faxineiro(a), jardineiro(a)",2019.0,2024.0,Coleta contínua de 2019 a 2024,"2007, 2008, 2009, 2010, 2011, 2012, 2013, 2014, 2015, 2016, 2017, 2018, 2025",Comparável apenas no período de coleta,"0 - Não
1 - Sim",
Escola,QT_PROF_SERVICOS_GERAIS,"Total de profissionais que atuam na escola - Auxiliar de serviços gerais, porteiro(a), zelador(a), faxineiro(a), jardineiro(a)",2019.0,2025.0,Coleta iniciada em 2019,"2007, 2008, 2009, 2010, 2011, 2012, 2013, 2014, 2015, 2016, 2017, 2018",Comparável apenas no período de coleta,88888 - registro com marcação de valor extremo (valor superior ao limite máximo* definido com base na distribuição da razão de profissionais por matrícula),"Em 2019:
primeiro ano em que foi aplicado tratamento de valores extremos, que são marcados com o código 88888."
Escola,IN_PROF_BIBLIOTECARIO,"Profissionais que atuam na escola - Bibliotecário(a), auxiliar de biblioteca ou monitor(a) da sala de leitura",2019.0,2024.0,Coleta contínua de 2019 a 2024,"2007, 2008, 2009, 2010, 2011, 2012, 2013, 2014, 2015, 2016, 2017, 2018, 2025",Comparável apenas no período de coleta,"0 - Não
1 - Sim",
Escola,QT_PROF_BIBLIOTECARIO,"Quantidade de profissionais que atuam na escola - Bibliotecário(a), auxiliar de biblioteca ou monitor(a) da sala de leitura",2019.0,2025.0,Coleta iniciada em 2019,"2007, 2008, 2009, 2010, 2011, 2012, 2013, 2014, 2015, 2016, 2017, 2018",Comparável apenas no período de coleta,88888 - registro com marcação de valor extremo (valor superior ao limite máximo* definido com base na distribuição da razão de profissionais por matrícula),"Em 2019:
primeiro ano em que foi aplicado tratamento de valores extremos, que são marcados com o código 88888."
Escola,IN_PROF_SAUDE,"Profissionais que atuam na escola - Bombeiro(a) brigadista, profissionais de assistência à saúde (urgência e emergência), Enfermeiro(a), Técnico(a) de enfermagem e socorrista",2019.0,2024.0,Coleta contínua de 2019 a 2024,"2007, 2008, 2009, 2010, 2011, 2012, 2013, 2014, 2015, 2016, 2017, 2018, 2025",Comparável apenas no período de coleta,"0 - Não
1 - Sim",
Escola,QT_PROF_SAUDE,"Quantidade de profissionais que atuam na escola - Bombeiro(a) brigadista, profissionais de assistência à saúde (urgência e emergência), Enfermeiro(a), Técnico(a) de enfermagem e socorrista",2019.0,2025.0,Coleta iniciada em 2019,"2007, 2008, 2009, 2010, 2011, 2012, 2013, 2014, 2015, 2016, 2017, 2018",Comparável apenas no período de coleta,88888 - registro com marcação de valor extremo (valor superior ao limite máximo* definido com base na distribuição da razão de profissionais por matrícula),"Em 2019:
primeiro ano em que foi aplicado tratamento de valores extremos, que são marcados com o código 88888."
Escola,IN_PROF_COORDENADOR,Profissionais que atuam na escola - Coordenador(a) de turno/disciplina,2019.0,2024.0,Coleta contínua de 2019 a 2024,"2007, 2008, 2009, 2010, 2011, 2012, 2013, 2014, 2015, 2016, 2017, 2018, 2025",Comparável apenas no período de coleta,"0 - Não
1 - Sim",
Escola,QT_PROF_COORDENADOR,Quantidade de profissionais que atuam na escola - Coordenador(a) de turno/disciplina,2019.0,2025.0,Coleta iniciada em 2019,"2007, 2008, 2009, 2010, 2011, 2012, 2013, 2014, 2015, 2016, 2017, 2018",Comparável apenas no período de coleta,88888 - registro com marcação de valor extremo (valor superior ao limite máximo* definido com base na distribuição da razão de profissionais por matrícula),"Em 2019:
primeiro ano em que foi aplicado tratamento de valores extremos, que são marcados com o código 88888."
Escola,IN_PROF_FONAUDIOLOGO,Profissionais que atuam na escola - Fonoaudiólogo(a),2019.0,2024.0,Coleta contínua de 2019 a 2024,"2007, 2008, 2009, 2010, 2011, 2012, 2013, 2014, 2015, 2016, 2017, 2018, 2025",Comparável apenas no período de coleta,"0 - Não
1 - Sim",
Escola,QT_PROF_FONAUDIOLOGO,Quantidade de profissionais que atuam na escola - Fonoaudiólogo(a),2019.0,2025.0,Coleta iniciada em 2019,"2007, 2008, 2009, 2010, 2011, 2012, 2013, 2014, 2015, 2016, 2017, 2018",Comparável apenas no período de coleta,88888 - registro com marcação de valor extremo (valor superior ao limite máximo* definido com base na distribuição da razão de profissionais por matrícula),"Em 2019:
primeiro ano em que foi aplicado tratamento de valores extremos, que são marcados com o código 88888."
Escola,IN_PROF_NUTRICIONISTA,Profissionais que atuam na escola - Nutricionista,2019.0,2024.0,Coleta contínua de 2019 a 2024,"2007, 2008, 2009, 2010, 2011, 2012, 2013, 2014, 2015, 2016, 2017, 2018, 2025",Comparável apenas no período de coleta,"0 - Não
1 - Sim",
Escola,QT_PROF_NUTRICIONISTA,Quantidade de profissionais que atuam na escola - Nutricionista,2019.0,2025.0,Coleta iniciada em 2019,"2007, 2008, 2009, 2010, 2011, 2012, 2013, 2014, 2015, 2016, 2017, 2018",Comparável apenas no período de coleta,88888 - registro com marcação de valor extremo (valor superior ao limite máximo* definido com base na distribuição da razão de profissionais por matrícula),"Em 2019:
primeiro ano em que foi aplicado tratamento de valores extremos, que são marcados com o código 88888."
Escola,IN_PROF_PSICOLOGO,Profissionais que atuam na escola - Psicólogo(a) Escolar,2019.0,2024.0,Coleta contínua de 2019 a 2024,"2007, 2008, 2009, 2010, 2011, 2012, 2013, 2014, 2015, 2016, 2017, 2018, 2025",Comparável apenas no período de coleta,"0 - Não
1 - Sim",
Escola,QT_PROF_PSICOLOGO,Quantidade de profissionais que atuam na escola - Psicólogo(a) Escolar,2019.0,2025.0,Coleta iniciada em 2019,"2007, 2008, 2009, 2010, 2011, 2012, 2013, 2014, 2015, 2016, 2017, 2018",Comparável apenas no período de coleta,88888 - registro com marcação de valor extremo (valor superior ao limite máximo* definido com base na distribuição da razão de profissionais por matrícula),"Em 2019:
primeiro ano em que foi aplicado tratamento de valores extremos, que são marcados com o código 88888."
Escola,IN_PROF_ALIMENTACAO,"Profissionais que atuam na escola - Profissionais de preparação e segurança alimentar, cozinheiro(a), merendeiro(a) e auxiliar de cozinha",2019.0,2024.0,Coleta contínua de 2019 a 2024,"2007, 2008, 2009, 2010, 2011, 2012, 2013, 2014, 2015, 2016, 2017, 2018, 2025",Comparável apenas no período de coleta,"0 - Não
1 - Sim",
Escola,QT_PROF_ALIMENTACAO,"Quantidade de profissionais que atuam na escola -  Profissionais de preparação e segurança alimentar, cozinheiro(a), merendeiro(a) e auxiliar de cozinha",2019.0,2025.0,Coleta iniciada em 2019,"2007, 2008, 2009, 2010, 2011, 2012, 2013, 2014, 2015, 2016, 2017, 2018",Comparável apenas no período de coleta,88888 - registro com marcação de valor extremo (valor superior ao limite máximo* definido com base na distribuição da razão de profissionais por matrícula),"Em 2019:
primeiro ano em que foi aplicado tratamento de valores extremos, que são marcados com o código 88888."
Escola,IN_PROF_PEDAGOGIA,"Profissionais que atuam na escola -  Profissionais de apoio e supervisão pedagógica: pedagogo(a), coordenador(a) pedagógico(a), orientador(a) educacional, supervisor(a) escolar e coordenador(a) de área de ensino",2019.0,2024.0,Coleta contínua de 2019 a 2024,"2007, 2008, 2009, 2010, 2011, 2012, 2013, 2014, 2015, 2016, 2017, 2018, 2025",Comparável apenas no período de coleta,"0 - Não
1 - Sim",
Escola,QT_PROF_PEDAGOGIA,"Quantidade de profissionais que atuam na escola -  Profissionais de apoio e supervisão pedagógica: pedagogo(a), coordenador(a) pedagógico(a), orientador(a) educacional, supervisor(a) escolar e coordenador(a) de área de ensino",2019.0,2025.0,Coleta iniciada em 2019,"2007, 2008, 2009, 2010, 2011, 2012, 2013, 2014, 2015, 2016, 2017, 2018",Comparável apenas no período de coleta,88888 - registro com marcação de valor extremo (valor superior ao limite máximo* definido com base na distribuição da razão de profissionais por matrícula),"Em 2019:
primeiro ano em que foi aplicado tratamento de valores extremos, que são marcados com o código 88888."
Escola,IN_PROF_SECRETARIO,Profissionais que atuam na escola - Secretário(a) escolar,2019.0,2024.0,Coleta contínua de 2019 a 2024,"2007, 2008, 2009, 2010, 2011, 2012, 2013, 2014, 2015, 2016, 2017, 2018, 2025",Comparável apenas no período de coleta,"0 - Não
1 - Sim",
Escola,QT_PROF_SECRETARIO,Quantidade de profissionais que atuam na escola - Secretário(a) escolar,2019.0,2025.0,Coleta iniciada em 2019,"2007, 2008, 2009, 2010, 2011, 2012, 2013, 2014, 2015, 2016, 2017, 2018",Comparável apenas no período de coleta,88888 - registro com marcação de valor extremo (valor superior ao limite máximo* definido com base na distribuição da razão de profissionais por matrícula),"Em 2019:
primeiro ano em que foi aplicado tratamento de valores extremos, que são marcados com o código 88888."
Escola,IN_PROF_SEGURANCA,"Profissionais que atuam na escola - Segurança, guarda ou segurança patrimonial",2019.0,2024.0,Coleta contínua de 2019 a 2024,"2007, 2008, 2009, 2010, 2011, 2012, 2013, 2014, 2015, 2016, 2017, 2018, 2025",Comparável apenas no período de coleta,"0 - Não
1 - Sim",
Escola,QT_PROF_SEGURANCA,"Quantidade de profissionais que atuam na escola - Segurança, guarda ou segurança patrimonial",2019.0,2025.0,Coleta iniciada em 2019,"2007, 2008, 2009, 2010, 2011, 2012, 2013, 2014, 2015, 2016, 2017, 2018",Comparável apenas no período de coleta,88888 - registro com marcação de valor extremo (valor superior ao limite máximo* definido com base na distribuição da razão de profissionais por matrícula),"Em 2019:
primeiro ano em que foi aplicado tratamento de valores extremos, que são marcados com o código 88888."
Escola,IN_PROF_MONITORES,"Profissionais que atuam na escola - Técnicos(as), monitores(as), supervisores(as) ou auxiliares de laboratório(s), de apoio a tecnologias educacionais ou em multimeios/multimídias eletrônico/digitais",2019.0,2024.0,Coleta contínua de 2019 a 2024,"2007, 2008, 2009, 2010, 2011, 2012, 2013, 2014, 2015, 2016, 2017, 2018, 2025",Comparável apenas no período de coleta,"0 - Não
1 - Sim",
Escola,QT_PROF_MONITORES,"Quantidade de profissionais que atuam na escola - Técnicos(as), monitores(as), supervisores(as) ou auxiliares de laboratório(s), de apoio a tecnologias educacionais ou em multimeios/multimídias eletrônico/digitais",2019.0,2025.0,Coleta iniciada em 2019,"2007, 2008, 2009, 2010, 2011, 2012, 2013, 2014, 2015, 2016, 2017, 2018",Comparável apenas no período de coleta,88888 - registro com marcação de valor extremo (valor superior ao limite máximo* definido com base na distribuição da razão de profissionais por matrícula),"Em 2019:
primeiro ano em que foi aplicado tratamento de valores extremos, que são marcados com o código 88888."
Escola,IN_PROF_GESTAO,"Profissionais que atuam na escola - Vice-diretor(a) ou diretor(a) adjunto(a), profissionais responsáveis pela gestão administrativa e/ou financeira",2021.0,2024.0,Coleta contínua de 2021 a 2024,"2007, 2008, 2009, 2010, 2011, 2012, 2013, 2014, 2015, 2016, 2017, 2018, 2019, 2020, 2025",Comparável apenas no período de coleta,"0 - Não
1 - Sim",
Escola,QT_PROF_GESTAO,"Quantidade de profissionais que atuam na escola - Vice-diretor(a) ou diretor(a) adjunto(a), profissionais responsáveis pela gestão administrativa e/ou financeira",2021.0,2025.0,Coleta iniciada em 2021,"2007, 2008, 2009, 2010, 2011, 2012, 2013, 2014, 2015, 2016, 2017, 2018, 2019, 2020",Comparável apenas no período de coleta,88888 - registro com marcação de valor extremo (valor superior ao limite máximo* definido com base na distribuição da razão de profissionais por matrícula),"Em 2019:
primeiro ano em que foi aplicado tratamento de valores extremos, que são marcados com o código 88888."
Escola,IN_PROF_ASSIST_SOCIAL,Profissionais que atuam na escola - Orientador(a) comunitário(a) ou assistente social,2021.0,2024.0,Coleta contínua de 2021 a 2024,"2007, 2008, 2009, 2010, 2011, 2012, 2013, 2014, 2015, 2016, 2017, 2018, 2019, 2020, 2025",Comparável apenas no período de coleta,"0 - Não
1 - Sim",
Escola,QT_PROF_ASSIST_SOCIAL,Quantidade de profissionais que atuam na escola - Orientador(a) comunitário(a) ou assistente social,2021.0,2025.0,Coleta iniciada em 2021,"2007, 2008, 2009, 2010, 2011, 2012, 2013, 2014, 2015, 2016, 2017, 2018, 2019, 2020",Comparável apenas no período de coleta,88888 - registro com marcação de valor extremo (valor superior ao limite máximo* definido com base na distribuição da razão de profissionais por matrícula),"Em 2019:
primeiro ano em que foi aplicado tratamento de valores extremos, que são marcados com o código 88888."
Escola,IN_PROF_TRAD_LIBRAS,Profissionais que atuam na escola - Tradutor e Intérprete de Libras para atendimento em outros ambientes da escola que não seja sala de aula,2023.0,2024.0,Coleta contínua de 2023 a 2024,"2007, 2008, 2009, 2010, 2011, 2012, 2013, 2014, 2015, 2016, 2017, 2018, 2019, 2020, 2021, 2022, 2025",Comparável apenas no período de coleta,"0 - Não
1 - Sim",
Escola,QT_PROF_TRAD_LIBRAS,Quantidade de profissionais que atuam na escola - Tradutor e Intérprete de Libras para atendimento em outros ambientes da escola que não seja sala de aula,2023.0,2025.0,Coleta iniciada em 2023,"2007, 2008, 2009, 2010, 2011, 2012, 2013, 2014, 2015, 2016, 2017, 2018, 2019, 2020, 2021, 2022",Comparável apenas no período de coleta,"88888 - registro com marcação de valor extremo (valor superior ao limite máximo* definido com base na distribuição da razão de profissionais por matrícula de aluno com surdez, deficiência auditiva ou surdocegueira).","Em 2023: 
primeiro ano em que foi aplicado tratamento de valores extremos, que são marcados com o código 88888."
Escola,IN_PROF_AGRICOLA,"Profissionais que atuam na escola - Agrônomos(as), horticultores(as), técnicos ou monitores(as) responsáveis pela gestão da área de horta, plantio e/ou produção agrícola",2024.0,2024.0,Coleta contínua de 2024 a 2024,"2007, 2008, 2009, 2010, 2011, 2012, 2013, 2014, 2015, 2016, 2017, 2018, 2019, 2020, 2021, 2022, 2023, 2025",Comparável apenas no período de coleta,"0 - Não
1 - Sim",
Escola,QT_PROF_AGRICOLA,"Quantidade de profissionais que atuam na escola - Agrônomos(as), horticultores(as), técnicos ou monitores(as) responsáveis pela gestão da área de horta, plantio e/ou produção agrícola",2024.0,2025.0,Coleta iniciada em 2024,"2007, 2008, 2009, 2010, 2011, 2012, 2013, 2014, 2015, 2016, 2017, 2018, 2019, 2020, 2021, 2022, 2023",Comparável apenas no período de coleta,88888 - registro com marcação de valor extremo (valor superior ao limite máximo* definido com base na distribuição da razão de profissionais por matrícula).,
Escola,IN_PROF_REVISOR_BRAILLE,"Profissionais que atuam na escola - Revisor de texto Braille, assistente vidente (assistente de revisão do texto em Braille)",2024.0,2024.0,Coleta contínua de 2024 a 2024,"2007, 2008, 2009, 2010, 2011, 2012, 2013, 2014, 2015, 2016, 2017, 2018, 2019, 2020, 2021, 2022, 2023, 2025",Comparável apenas no período de coleta,"0 - Não
1 - Sim",
Escola,QT_PROF_REVISOR_BRAILLE,"Quantidade de profissionais que atuam na escola - Revisor de texto Braille, assistente vidente (assistente de revisão do texto em Braille)",2024.0,2025.0,Coleta iniciada em 2024,"2007, 2008, 2009, 2010, 2011, 2012, 2013, 2014, 2015, 2016, 2017, 2018, 2019, 2020, 2021, 2022, 2023",Comparável apenas no período de coleta,"88888 - registro com marcação de valor extremo (valor superior ao limite máximo* definido com base na distribuição da razão de profissionais por matrícula de aluno com cegueira, surdo-cegueira ou baixa visão).",
Escola,IN_ALIMENTACAO,Alimentação escolar para os alunos - PNAE/FNDE,2007.0,2025.0,Coleta contínua 2007-2025,,Potencialmente comparável em toda a série,"0 - Não oferece
1 - Oferece",
Escola,IN_SERIE_ANO,Forma de organização do ensino - Série/Ano (séries anuais),2019.0,2021.0,Coleta contínua de 2019 a 2021,"2007, 2008, 2009, 2010, 2011, 2012, 2013, 2014, 2015, 2016, 2017, 2018, 2022, 2023, 2024, 2025",Comparável apenas no período de coleta,"0 - Não
1 - Sim
9 - Não informado
   - Não aplicável para escolas sem matrículas de escolarização",
Escola,IN_PERIODOS_SEMESTRAIS,Forma de organização do ensino -  Períodos semestrais,2019.0,2021.0,Coleta contínua de 2019 a 2021,"2007, 2008, 2009, 2010, 2011, 2012, 2013, 2014, 2015, 2016, 2017, 2018, 2022, 2023, 2024, 2025",Comparável apenas no período de coleta,"0 - Não
1 - Sim
9 - Não informado
   - Não aplicável para escolas sem matrículas de escolarização",
Escola,IN_FUNDAMENTAL_CICLOS,Forma de organização do ensino - Ciclo(s) do Ensino Fundamental,2009.0,2021.0,Coleta contínua de 2009 a 2021,"2007, 2008, 2022, 2023, 2024, 2025",Comparável apenas no período de coleta,"0 - Não
1 - Sim
9 - Não informado
   - Não aplicável para escolas sem matrículas de escolarização",
Escola,IN_GRUPOS_NAO_SERIADOS,Forma de organização do ensino - Grupos não-seriados com base na idade ou competência (art. 23 LDB),2019.0,2021.0,Coleta contínua de 2019 a 2021,"2007, 2008, 2009, 2010, 2011, 2012, 2013, 2014, 2015, 2016, 2017, 2018, 2022, 2023, 2024, 2025",Comparável apenas no período de coleta,"0 - Não
1 - Sim
9 - Não informado
   - Não aplicável para escolas sem matrículas de escolarização",
Escola,IN_MODULOS,Forma de organização do ensino - Módulos,2019.0,2021.0,Coleta contínua de 2019 a 2021,"2007, 2008, 2009, 2010, 2011, 2012, 2013, 2014, 2015, 2016, 2017, 2018, 2022, 2023, 2024, 2025",Comparável apenas no período de coleta,"0 - Não
1 - Sim
9 - Não informado
   - Não aplicável para escolas sem matrículas de escolarização",
Escola,IN_FORMACAO_ALTERNANCIA,Forma de organização do ensino - Alternância regular de períodos de estudos (proposta pedagógica de formação por alternância com tempo-escola e tempo-comunidade),2013.0,2021.0,Coleta contínua de 2013 a 2021,"2007, 2008, 2009, 2010, 2011, 2012, 2022, 2023, 2024, 2025",Comparável apenas no período de coleta,"0 - Não
1 - Sim
9 - Não informado
   - Não aplicável para escolas sem matrículas de escolarização",
Escola,IN_MATERIAL_PED_MULTIMIDIA,Instrumentos e materiais socioculturais e/ou pedagógicos em uso na escola para o desenvolvimento de atividades de ensino e aprendizagem - Acervo multimídia,2019.0,2025.0,Coleta iniciada em 2019,"2007, 2008, 2009, 2010, 2011, 2012, 2013, 2014, 2015, 2016, 2017, 2018",Comparável apenas no período de coleta,"0 - Não
1 - Sim","Em 2019:
Existe adicionalmente a categoria ""9 - Não informado""."
Escola,IN_MATERIAL_PED_INFANTIL,Instrumentos e materiais socioculturais e/ou pedagógicos em uso na escola para o desenvolvimento de atividades de ensino e aprendizagem - Brinquedos para Educação Infantil,2019.0,2025.0,Coleta iniciada em 2019,"2007, 2008, 2009, 2010, 2011, 2012, 2013, 2014, 2015, 2016, 2017, 2018",Comparável apenas no período de coleta,"0 - Não
1 - Sim","Em 2019:
Existe adicionalmente a categoria ""9 - Não informado""."
Escola,IN_MATERIAL_PED_CIENTIFICO,Instrumentos e materiais socioculturais e/ou pedagógicos em uso na escola para o desenvolvimento de atividades de ensino e aprendizagem - Conjunto de materiais científicos,2019.0,2025.0,Coleta iniciada em 2019,"2007, 2008, 2009, 2010, 2011, 2012, 2013, 2014, 2015, 2016, 2017, 2018",Comparável apenas no período de coleta,"0 - Não
1 - Sim","Em 2019:
Existe adicionalmente a categoria ""9 - Não informado""."
Escola,IN_MATERIAL_PED_DIFUSAO,Instrumentos e materiais socioculturais e/ou pedagógicos em uso na escola para o desenvolvimento de atividades de ensino e aprendizagem - Equipamento para amplificação e difusão de som/áudio,2019.0,2025.0,Coleta iniciada em 2019,"2007, 2008, 2009, 2010, 2011, 2012, 2013, 2014, 2015, 2016, 2017, 2018",Comparável apenas no período de coleta,"0 - Não
1 - Sim","Em 2019:
Existe adicionalmente a categoria ""9 - Não informado""."
Escola,IN_MATERIAL_PED_MUSICAL,"Instrumentos e materiais socioculturais e/ou pedagógicos em uso na escola para o desenvolvimento de atividades de ensino e aprendizagem - Instrumentos musicais para conjunto, banda/fanfarra e/ou aulas de música",2019.0,2025.0,Coleta iniciada em 2019,"2007, 2008, 2009, 2010, 2011, 2012, 2013, 2014, 2015, 2016, 2017, 2018",Comparável apenas no período de coleta,"0 - Não
1 - Sim","Em 2019:
Existe adicionalmente a categoria ""9 - Não informado""."
Escola,IN_MATERIAL_PED_JOGOS,Instrumentos e materiais socioculturais e/ou pedagógicos em uso na escola para o desenvolvimento de atividades de ensino e aprendizagem - Jogos Educativos,2019.0,2025.0,Coleta iniciada em 2019,"2007, 2008, 2009, 2010, 2011, 2012, 2013, 2014, 2015, 2016, 2017, 2018",Comparável apenas no período de coleta,"0 - Não
1 - Sim","Em 2019:
Existe adicionalmente a categoria ""9 - Não informado""."
Escola,IN_MATERIAL_PED_ARTISTICAS,Instrumentos e materiais socioculturais e/ou pedagógicos em uso na escola para o desenvolvimento de atividades de ensino e aprendizagem - Materiais para atividades culturais e artísticas,2019.0,2025.0,Coleta iniciada em 2019,"2007, 2008, 2009, 2010, 2011, 2012, 2013, 2014, 2015, 2016, 2017, 2018",Comparável apenas no período de coleta,"0 - Não
1 - Sim","Em 2019:
Existe adicionalmente a categoria ""9 - Não informado""."
Escola,IN_MATERIAL_PED_PROFISSIONAL,Instrumentos e materiais socioculturais e/ou pedagógicos em uso na escola para o desenvolvimento de atividades de ensino e aprendizagem - Materiais para Educação Profissional,2022.0,2025.0,Coleta iniciada em 2022,"2007, 2008, 2009, 2010, 2011, 2012, 2013, 2014, 2015, 2016, 2017, 2018, 2019, 2020, 2021",Comparável apenas no período de coleta,"0 - Não
1 - Sim",
Escola,IN_MATERIAL_PED_DESPORTIVA,Instrumentos e materiais socioculturais e/ou pedagógicos em uso na escola para o desenvolvimento de atividades de ensino e aprendizagem - Materiais para prática desportiva e recreação,2019.0,2025.0,Coleta iniciada em 2019,"2007, 2008, 2009, 2010, 2011, 2012, 2013, 2014, 2015, 2016, 2017, 2018",Comparável apenas no período de coleta,"0 - Não
1 - Sim","Em 2019:
Existe adicionalmente a categoria ""9 - Não informado""."
Escola,IN_MATERIAL_PED_INDIGENA,Instrumentos e materiais socioculturais e/ou pedagógicos em uso na escola para o desenvolvimento de atividades de ensino e aprendizagem - Indígena,2019.0,2025.0,Coleta iniciada em 2019,"2007, 2008, 2009, 2010, 2011, 2012, 2013, 2014, 2015, 2016, 2017, 2018",Comparável apenas no período de coleta,"0 - Não
1 - Sim","Em 2019:
Existe adicionalmente a categoria ""9 - Não informado""."
Escola,IN_MATERIAL_PED_ETNICO,Instrumentos e materiais socioculturais e/ou pedagógicos em uso na escola para o desenvolvimento de atividades de ensino e aprendizagem - Materiais pedagógicos para a educação das relações étnico-raciais,2019.0,2025.0,Coleta iniciada em 2019,"2007, 2008, 2009, 2010, 2011, 2012, 2013, 2014, 2015, 2016, 2017, 2018",Comparável apenas no período de coleta,"0 - Não
1 - Sim","Em 2019:
Existe adicionalmente a categoria ""9 - Não informado""."
Escola,IN_MATERIAL_PED_CAMPO,Instrumentos e materiais socioculturais e/ou pedagógicos em uso na escola para o desenvolvimento de atividades de ensino e aprendizagem - Materiais pedagógicos para a educação do campo,2019.0,2025.0,Coleta iniciada em 2019,"2007, 2008, 2009, 2010, 2011, 2012, 2013, 2014, 2015, 2016, 2017, 2018",Comparável apenas no período de coleta,"0 - Não
1 - Sim","Em 2019:
Existe adicionalmente a categoria ""9 - Não informado""."
Escola,IN_MATERIAL_PED_BIL_SURDOS,"Instrumentos, materiais socioculturais e/ou pedagógicos em uso na escola para o desenvolvimento de atividades de ensino aprendizagem - Materiais pedagógicos para a educação bilíngue de surdos",2023.0,2025.0,Coleta iniciada em 2023,"2007, 2008, 2009, 2010, 2011, 2012, 2013, 2014, 2015, 2016, 2017, 2018, 2019, 2020, 2021, 2022",Comparável apenas no período de coleta,"0 - Não
1 - Sim",
Escola,IN_MATERIAL_PED_AGRICOLA,"Instrumentos, materiais socioculturais e/ou pedagógicos em uso na escola para o desenvolvimento de atividades de ensino aprendizagem - Equipamentos e instrumentos para atividades em área de horta, plantio e/ou produção agrícola",2024.0,2025.0,Coleta iniciada em 2024,"2007, 2008, 2009, 2010, 2011, 2012, 2013, 2014, 2015, 2016, 2017, 2018, 2019, 2020, 2021, 2022, 2023",Comparável apenas no período de coleta,"0 - Não
1 - Sim",
Escola,IN_MATERIAL_PED_QUILOMBOLA,"Instrumentos, materiais socioculturais e/ou pedagógicos em uso na escola para o desenvolvimento de atividades de ensino aprendizagem - Materiais pedagógicos para a educação escolar quilombola",2024.0,2025.0,Coleta iniciada em 2024,"2007, 2008, 2009, 2010, 2011, 2012, 2013, 2014, 2015, 2016, 2017, 2018, 2019, 2020, 2021, 2022, 2023",Comparável apenas no período de coleta,"0 - Não
1 - Sim",
Escola,IN_MATERIAL_PED_EDU_ESP,"Instrumentos, materiais socioculturais e/ou pedagógicos em uso na escola para o desenvolvimento de atividades de ensino aprendizagem - Materiais pedagógicos para a educação especial",2024.0,2025.0,Coleta iniciada em 2024,"2007, 2008, 2009, 2010, 2011, 2012, 2013, 2014, 2015, 2016, 2017, 2018, 2019, 2020, 2021, 2022, 2023",Comparável apenas no período de coleta,"0 - Não
1 - Sim",
Escola,IN_MATERIAL_PED_NENHUM,Instrumentos e materiais socioculturais e/ou pedagógicos em uso na escola para o desenvolvimento de atividades de ensino e aprendizagem - Nenhum,2021.0,2025.0,Coleta iniciada em 2021,"2007, 2008, 2009, 2010, 2011, 2012, 2013, 2014, 2015, 2016, 2017, 2018, 2019, 2020",Comparável apenas no período de coleta,"0 - Não
1 - Sim",
Escola,IN_MATERIAL_ESP_QUILOMBOLA,Materiais didáticos específicos para atendimento à diversidade sociocultural - Quilombolas,2007.0,2018.0,Descontinuada após 2018,"2019, 2020, 2021, 2022, 2023, 2024, 2025",Comparável apenas no período de coleta,"0 - Não
1 - Sim",
Escola,IN_MATERIAL_ESP_INDIGENA,Materiais didáticos específicos para atendimento à diversidade sociocultural - Indígena,2007.0,2018.0,Descontinuada após 2018,"2019, 2020, 2021, 2022, 2023, 2024, 2025",Comparável apenas no período de coleta,"0 - Não
1 - Sim",
Escola,IN_MATERIAL_ESP_NAO_UTILIZA,Materiais didáticos específicos para atendimento à diversidade sociocultural - Não utiliza,2007.0,2018.0,Descontinuada após 2018,"2019, 2020, 2021, 2022, 2023, 2024, 2025",Comparável apenas no período de coleta,"0 - Não
1 - Sim",
Escola,IN_EDUCACAO_INDIGENA,Escola Indígena,2007.0,2025.0,Coleta contínua 2007-2025,,Potencialmente comparável em toda a série,"0 - Não
1 - Sim",
Escola,TP_INDIGENA_LINGUA,Escola Indígena - Língua em que o ensino é ministrado (apenas para escola indígena),2007.0,2025.0,Coleta contínua 2007-2025,,Potencialmente comparável em toda a série,"1 - Somente em Língua Indígena
2 - Somente em Língua Portuguesa
3 - Em Língua Indígena e em Língua Portuguesa
 - não aplicável (aplicável apenas para Escola Indígena)",
Escola,CO_LINGUA_INDIGENA_1,Escola Indígena - Língua em que o ensino é ministrado (apenas para escola indígena) - Língua Indígena - Código da língua Indígena 1,2007.0,2025.0,Coleta contínua 2007-2025,,Potencialmente comparável em toda a série,,De 2007 a 2018: Apenas uma Língua Indígena
Escola,CO_LINGUA_INDIGENA_2,Escola Indígena - Língua em que o ensino é ministrado (apenas para escola indígena) - Língua Indígena - Código da língua Indígena 2,2019.0,2025.0,Coleta iniciada em 2019,"2007, 2008, 2009, 2010, 2011, 2012, 2013, 2014, 2015, 2016, 2017, 2018",Comparável apenas no período de coleta,,
Escola,CO_LINGUA_INDIGENA_3,Escola Indígena - Língua em que o ensino é ministrado (apenas para escola indígena) - Língua Indígena - Código da língua Indígena 3,2019.0,2025.0,Coleta iniciada em 2019,"2007, 2008, 2009, 2010, 2011, 2012, 2013, 2014, 2015, 2016, 2017, 2018",Comparável apenas no período de coleta,,
Escola,IN_BRASIL_ALFABETIZADO,Escola cede espaço para turmas do Programa Brasil Alfabetizado,2012.0,2018.0,Coleta contínua de 2012 a 2018,"2007, 2008, 2009, 2010, 2011, 2019, 2020, 2021, 2022, 2023, 2024, 2025",Comparável apenas no período de coleta,"0 - Não
1 - Sim",
Escola,IN_FINAL_SEMANA,Escola abre aos finais de semana para a comunidade,2012.0,2018.0,Coleta contínua de 2012 a 2018,"2007, 2008, 2009, 2010, 2011, 2019, 2020, 2021, 2022, 2023, 2024, 2025",Comparável apenas no período de coleta,"0 - Não
1 - Sim",
Escola,IN_EXAME_SELECAO,A escola faz exame de seleção para ingresso de seus alunos (avaliação por prova e/ou análise curricular),2019.0,2025.0,Coleta iniciada em 2019,"2007, 2008, 2009, 2010, 2011, 2012, 2013, 2014, 2015, 2016, 2017, 2018",Comparável apenas no período de coleta,"0 - Não
1 - Sim
9 - Não informado",
Escola,IN_RESERVA_PPI,"Reserva de vagas por sistema de cotas para grupos específicos de alunos - Autodeclarado preto, pardo ou indígena (PPI)",2019.0,2025.0,Coleta iniciada em 2019,"2007, 2008, 2009, 2010, 2011, 2012, 2013, 2014, 2015, 2016, 2017, 2018",Comparável apenas no período de coleta,"0 - Não
1 - Sim
 - Não aplicável para escolas que não fazem exame de seleção",
Escola,IN_RESERVA_RENDA,Reserva de vagas por sistema de cotas para grupos específicos de alunos - Condição de Renda,2019.0,2025.0,Coleta iniciada em 2019,"2007, 2008, 2009, 2010, 2011, 2012, 2013, 2014, 2015, 2016, 2017, 2018",Comparável apenas no período de coleta,"0 - Não
1 - Sim
 - Não aplicável para escolas que não fazem exame de seleção",
Escola,IN_RESERVA_PUBLICA,Reserva de vagas por sistema de cotas para grupos específicos de alunos - Oriundo de escola pública,2019.0,2025.0,Coleta iniciada em 2019,"2007, 2008, 2009, 2010, 2011, 2012, 2013, 2014, 2015, 2016, 2017, 2018",Comparável apenas no período de coleta,"0 - Não
1 - Sim
 - Não aplicável para escolas que não fazem exame de seleção",
Escola,IN_RESERVA_PCD,Reserva de vagas por sistema de cotas para grupos específicos de alunos - Pessoa com deficiência (PCD),2019.0,2025.0,Coleta iniciada em 2019,"2007, 2008, 2009, 2010, 2011, 2012, 2013, 2014, 2015, 2016, 2017, 2018",Comparável apenas no período de coleta,"0 - Não
1 - Sim
 - Não aplicável para escolas que não fazem exame de seleção",
Escola,IN_RESERVA_OUTROS,Reserva de vagas por sistema de cotas para grupos específicos de alunos - Outros grupos,2019.0,2025.0,Coleta iniciada em 2019,"2007, 2008, 2009, 2010, 2011, 2012, 2013, 2014, 2015, 2016, 2017, 2018",Comparável apenas no período de coleta,"0 - Não
1 - Sim
 - Não aplicável para escolas que não fazem exame de seleção",
Escola,IN_RESERVA_NENHUMA,Reserva de vagas por sistema de cotas para grupos específicos de alunos - Sem reservas de vagas para sistema de cotas (ampla concorrência),2019.0,2025.0,Coleta iniciada em 2019,"2007, 2008, 2009, 2010, 2011, 2012, 2013, 2014, 2015, 2016, 2017, 2018",Comparável apenas no período de coleta,"0 - Não
1 - Sim
 - Não aplicável para escolas que não fazem exame de seleção",
Escola,IN_REDES_SOCIAIS,A escola possui site ou blog ou página em redes sociais para comunicação institucional,2019.0,2025.0,Coleta iniciada em 2019,"2007, 2008, 2009, 2010, 2011, 2012, 2013, 2014, 2015, 2016, 2017, 2018",Comparável apenas no período de coleta,"0 - Não
1 - Sim
9 - Não informado",
Escola,IN_ESPACO_ATIVIDADE,A escola compartilha espaços para atividades de integração escola-comunidade,2019.0,2025.0,Coleta iniciada em 2019,"2007, 2008, 2009, 2010, 2011, 2012, 2013, 2014, 2015, 2016, 2017, 2018",Comparável apenas no período de coleta,"0 - Não
1 - Sim
9 - Não informado",
Escola,IN_ESPACO_EQUIPAMENTO,A escola usa espaços e equipamentos do entorno escolar para atividades regulares com os alunos,2019.0,2025.0,Coleta iniciada em 2019,"2007, 2008, 2009, 2010, 2011, 2012, 2013, 2014, 2015, 2016, 2017, 2018",Comparável apenas no período de coleta,"0 - Não
1 - Sim
9 - Não informado",
Escola,IN_ORGAO_ASS_PAIS,Órgãos colegiados em funcionamento na escola - Associação de Pais,2019.0,2025.0,Coleta iniciada em 2019,"2007, 2008, 2009, 2010, 2011, 2012, 2013, 2014, 2015, 2016, 2017, 2018",Comparável apenas no período de coleta,"0 - Não
1 - Sim","Em 2019:
Existe adicionalmente a categoria ""9 - Não informado""."
Escola,IN_ORGAO_ASS_PAIS_MESTRES,Órgãos colegiados em funcionamento na escola - Associação de Pais e Mestres,2019.0,2025.0,Coleta iniciada em 2019,"2007, 2008, 2009, 2010, 2011, 2012, 2013, 2014, 2015, 2016, 2017, 2018",Comparável apenas no período de coleta,"0 - Não
1 - Sim","Em 2019:
Existe adicionalmente a categoria ""9 - Não informado""."
Escola,IN_ORGAO_CONSELHO_ESCOLAR,Órgãos colegiados em funcionamento na escola - Conselho Escolar,2019.0,2025.0,Coleta iniciada em 2019,"2007, 2008, 2009, 2010, 2011, 2012, 2013, 2014, 2015, 2016, 2017, 2018",Comparável apenas no período de coleta,"0 - Não
1 - Sim","Em 2019:
Existe adicionalmente a categoria ""9 - Não informado""."
Escola,IN_ORGAO_GREMIO_ESTUDANTIL,Órgãos colegiados em funcionamento na escola - Grêmio Estudantil,2019.0,2025.0,Coleta iniciada em 2019,"2007, 2008, 2009, 2010, 2011, 2012, 2013, 2014, 2015, 2016, 2017, 2018",Comparável apenas no período de coleta,"0 - Não
1 - Sim","Em 2019:
Existe adicionalmente a categoria ""9 - Não informado""."
Escola,IN_ORGAO_OUTROS,Órgãos colegiados em funcionamento na escola - Outros,2019.0,2025.0,Coleta iniciada em 2019,"2007, 2008, 2009, 2010, 2011, 2012, 2013, 2014, 2015, 2016, 2017, 2018",Comparável apenas no período de coleta,"0 - Não
1 - Sim","Em 2019:
Existe adicionalmente a categoria ""9 - Não informado""."
Escola,IN_ORGAO_NENHUM,Órgãos colegiados em funcionamento na escola - Não há órgãos colegiados em funcionamento,2019.0,2025.0,Coleta iniciada em 2019,"2007, 2008, 2009, 2010, 2011, 2012, 2013, 2014, 2015, 2016, 2017, 2018",Comparável apenas no período de coleta,"0 - Não
1 - Sim","Em 2019:
Existe adicionalmente a categoria ""9 - Não informado""."
Escola,TP_PROPOSTA_PEDAGOGICA,O projeto político pedagógico ou a proposta pedagógica da escola (conforme art. 12 da LDB) foi atualizado nos últimos 12 meses até a data de referência,2019.0,2025.0,Coleta iniciada em 2019,"2007, 2008, 2009, 2010, 2011, 2012, 2013, 2014, 2015, 2016, 2017, 2018",Comparável apenas no período de coleta,"0 - Não
1 - Sim
2 - A escola não possui projeto político pedagógico/proposta pedagógica
9 - Não informado",
Escola,IN_EDUC_AMBIENTAL,A escola desenvolve ações na área de educação ambiental?,2024.0,2025.0,Coleta iniciada em 2024,"2007, 2008, 2009, 2010, 2011, 2012, 2013, 2014, 2015, 2016, 2017, 2018, 2019, 2020, 2021, 2022, 2023",Comparável apenas no período de coleta,"0 - Não
1 - Sim",
Escola,IN_EDUC_AMB_CONTEUDO,Informe de qual(quais) forma(s) a educação ambiental é desenvolvida na escola: Como conteúdo dos componentes/campos de experiências presentes no currículo,2024.0,2025.0,Coleta iniciada em 2024,"2007, 2008, 2009, 2010, 2011, 2012, 2013, 2014, 2015, 2016, 2017, 2018, 2019, 2020, 2021, 2022, 2023",Comparável apenas no período de coleta,"0 - Não
1 - Sim",
Escola,IN_EDUC_AMB_CURRICULAR,"Informe de qual(quais) forma(s) a educação ambiental é desenvolvida na escola: Como um componente curricular especial, específico, flexível ou eletivo",2024.0,2025.0,Coleta iniciada em 2024,"2007, 2008, 2009, 2010, 2011, 2012, 2013, 2014, 2015, 2016, 2017, 2018, 2019, 2020, 2021, 2022, 2023",Comparável apenas no período de coleta,"0 - Não
1 - Sim",
Escola,IN_EDUC_AMB_EIXO,Informe de qual(quais) forma(s) a educação ambiental é desenvolvida na escola: Como um eixo estruturante do currículo,2024.0,2025.0,Coleta iniciada em 2024,"2007, 2008, 2009, 2010, 2011, 2012, 2013, 2014, 2015, 2016, 2017, 2018, 2019, 2020, 2021, 2022, 2023",Comparável apenas no período de coleta,"0 - Não
1 - Sim",
Escola,IN_EDUC_AMB_EVENTOS,Informe de qual(quais) forma(s) a educação ambiental é desenvolvida na escola: Em eventos,2024.0,2025.0,Coleta iniciada em 2024,"2007, 2008, 2009, 2010, 2011, 2012, 2013, 2014, 2015, 2016, 2017, 2018, 2019, 2020, 2021, 2022, 2023",Comparável apenas no período de coleta,"0 - Não
1 - Sim",
Escola,IN_EDUC_AMB_PROJETOS,Informe de qual(quais) forma(s) a educação ambiental é desenvolvida na escola: Em projetos transversais ou interdisciplinares,2024.0,2025.0,Coleta iniciada em 2024,"2007, 2008, 2009, 2010, 2011, 2012, 2013, 2014, 2015, 2016, 2017, 2018, 2019, 2020, 2021, 2022, 2023",Comparável apenas no período de coleta,"0 - Não
1 - Sim",
Escola,IN_EDUC_AMB_NENHUMA,Informe de qual(quais) forma(s) a educação ambiental é desenvolvida na escola: Nenhuma das opções listadas,2024.0,2025.0,Coleta iniciada em 2024,"2007, 2008, 2009, 2010, 2011, 2012, 2013, 2014, 2015, 2016, 2017, 2018, 2019, 2020, 2021, 2022, 2023",Comparável apenas no período de coleta,"0 - Não
1 - Sim",
Escola,TP_AEE,Atendimento Educacional Especializado (AEE),2009.0,2025.0,Coleta iniciada em 2009,"2007, 2008",Comparável apenas no período de coleta,"0 - Não oferece
1 - Não exclusivamente
2 - Exclusivamente",
Escola,TP_ATIVIDADE_COMPLEMENTAR,Atividade Complementar,2007.0,2025.0,Coleta contínua 2007-2025,,Potencialmente comparável em toda a série,"0 - Não oferece
1 - Não exclusivamente
2 - Exclusivamente",
Escola,TP_ITINERARIO_FORMATIVO,Itinerário formativo,2022.0,2025.0,Coleta iniciada em 2022,"2007, 2008, 2009, 2010, 2011, 2012, 2013, 2014, 2015, 2016, 2017, 2018, 2019, 2020, 2021",Comparável apenas no período de coleta,"0 - Não oferece
1 - Não exclusivamente
2 - Exclusivamente",Ver nota sobre a não divulgação dos resultados em 2022: https://download.inep.gov.br/areas_de_atuacao/nota_informativa_censo_escolar_2022.pdf
Escola,IN_ITINERARIO_APROFUNDAMENTO,"Escola oferece turma de Itinerário formativo de aprofundamento (IFA) - Percursos educacionais estruturados de livre escolha dos estudantes, que permite aos educandos o aprofundamento de suas aprendizagens e de seu desenvolvimento em uma ou em mais áreas do conhecimento. Deve realizar-se por meio da oferta de projetos interdisciplinares e integradores, organizados com ênfase nos componentes curriculares que compõem a(s) área(s) de conhecimento eleitas, de modo a ampliar o diálogo entre as dimensões teóricas e práticas dos conteúdos, a consideração e valorização da diversidade territorial e cultural do Brasil e as escolhas estabelecidas na proposta pedagógica de cada unidade escolar.",2025.0,2025.0,Coleta iniciada em 2025,"2007, 2008, 2009, 2010, 2011, 2012, 2013, 2014, 2015, 2016, 2017, 2018, 2019, 2020, 2021, 2022, 2023, 2024",Comparável apenas no período de coleta,"0 - Não
1 - Sim",
Escola,IN_ITINERARIO_TECN_PROF,"Escola oferece turma de itinerário de formação técnica e profissional (IFTP) - É o percurso educacional destinado à educação profissional de nível médio, desenvolvido preferencialmente com oferta integrada ou concomitante intercomplementar, de modo integrado à Formação Geral Básica, observando a indissociabilidade entre a preparação para o mundo do trabalho, a preparação para a cidadania e a preparação para a continuidade dos estudos em nível superior.",2022.0,2025.0,Coleta iniciada em 2022,"2007, 2008, 2009, 2010, 2011, 2012, 2013, 2014, 2015, 2016, 2017, 2018, 2019, 2020, 2021",Comparável apenas no período de coleta,"0 - Não
1 - Sim",Ver nota sobre a não divulgação dos resultados em 2022: https://download.inep.gov.br/areas_de_atuacao/nota_informativa_censo_escolar_2022.pdf
Escola,IN_ESCOLARIZACAO,"Escola possui uma ou mais matrículas de escolarização em alguma das seguintes etapas de ensino: Creche, Pré-Escola, Ensino Fundamental, Ensino Médio, Educação de Jovens e Adultos (EJA), Curso Técnico Concomitante, Curso Técnico Subsequente, Curso FIC Concomitante, Itinerário Formativo Técnico Profissional (IFTP) Exclusivo - Curso Técnico (não articulado ao ensino médio regular) e Itinerário Formativo Técnico Profissional Exclusivo - Qualificação Profissional (não articulado ao ensino médio regular) ",2022.0,2025.0,Coleta iniciada em 2022,"2007, 2008, 2009, 2010, 2011, 2012, 2013, 2014, 2015, 2016, 2017, 2018, 2019, 2020, 2021",Comparável apenas no período de coleta,"0 - Não
1 - Sim",
Escola,IN_MEDIACAO_PRESENCIAL,Mediação didático-pedagógica oferecida pela escola - Presencial,2007.0,2025.0,Coleta contínua 2007-2025,,Potencialmente comparável em toda a série,"0 - Não
1 - Sim",
Escola,IN_MEDIACAO_SEMIPRESENCIAL,Mediação didático-pedagógica oferecida pela escola - Semipresencial,2007.0,2025.0,Coleta contínua 2007-2025,,Potencialmente comparável em toda a série,"0 - Não
1 - Sim",
Escola,IN_MEDIACAO_EAD,Mediação didático-pedagógica oferecida pela escola - Educação a Distância - EAD,2015.0,2025.0,Coleta iniciada em 2015,"2007, 2008, 2009, 2010, 2011, 2012, 2013, 2014",Comparável apenas no período de coleta,"0 - Não
1 - Sim",
Escola,IN_ESPECIAL_EXCLUSIVA,"Classes Especiais - Escola possui classe especial exclusiva (ao menos uma turma exclusiva de alunos com deficiência, transtorno do espectro autista (TEA) ou altas habilidades/superdotação)",2007.0,2025.0,Coleta contínua 2007-2025,,Potencialmente comparável em toda a série,"0 - Não
1 - Sim",
Escola,IN_REGULAR,"Ensino Regular - Modo, maneira ou metodologia de ensino correspondente às turmas com etapas de escolarização consecutivas, Creche ao Ensino Médio",2007.0,2025.0,Coleta contínua 2007-2025,,Potencialmente comparável em toda a série,"0 - Não
1 - Sim",
Escola,IN_EJA,"Educação de Jovens e Adultos (EJA) - Modo, maneira ou metodologia de ensino correspondente às turmas destinadas a pessoas que não cursaram o ensino fundamental e/ou médio em idade própria. ",2007.0,2025.0,Coleta contínua 2007-2025,,Potencialmente comparável em toda a série,"0 - Não
1 - Sim",
Escola,IN_PROFISSIONALIZANTE,"Educação Profissional - Modo profissionalizante de ensino correspondente às turmas do Ensino Médio articulado ao Itinerário Formativo Técnico Profissional - Curso Técnico, Ensino Médio Normal/Magistério, Curso Técnico Concomitante, Curso Técnico Subsequente,  Curso Técnico Integrado à EJA de Nível Médio, Itinerário Formativo Técnico Profissional Exclusivo - Curso Técnico (não articulado ao ensino médio regular), Curso FIC Concomitante, Curso FIC Integrado à EJA de Nível Fundamental, Curso FIC Integrado à EJA de Nível Médio, Ensino Médio articulado ao Itinerário Formativo Técnico Profissional - Qualificação Profissional e Itinerário Formativo Técnico Profissional Exclusivo - Qualificação Profissional (não articulado ao ensino médio regular).",2007.0,2025.0,Coleta contínua 2007-2025,,Potencialmente comparável em toda a série,"0 - Não
1 - Sim",
Escola,IN_COMUM_CRECHE,"Escola oferece matrículas de alunos com deficiência, transtorno do espectro autista (TEA), altas habilidades ou superdotação em Classes Comuns - Educação Infantil - Creche",2007.0,2025.0,Coleta contínua 2007-2025,,Potencialmente comparável em toda a série,"0 - Não
1 - Sim",
Escola,IN_COMUM_PRE,"Escola oferece matrículas de alunos com deficiência, transtorno do espectro autista (TEA), altas habilidades ou superdotação em Classes Comuns - Educação Infantil - Pré-Escola",2007.0,2025.0,Coleta contínua 2007-2025,,Potencialmente comparável em toda a série,"0 - Não
1 - Sim",
Escola,IN_COMUM_FUND_AI,"Escola oferece matrículas de alunos com deficiência, transtorno do espectro autista (TEA), altas habilidades ou superdotação em Classes Comuns - Anos Iniciais do Ensino Fundamental (1º ao 5º Ano)",2007.0,2025.0,Coleta contínua 2007-2025,,Potencialmente comparável em toda a série,"0 - Não
1 - Sim",
Escola,IN_COMUM_FUND_AF,"Escola oferece matrículas de alunos com deficiência, transtorno do espectro autista (TEA), altas habilidades ou superdotação em Classes Comuns - Anos Finais do Ensino Fundamental (6º ao 9º Ano)",2007.0,2025.0,Coleta contínua 2007-2025,,Potencialmente comparável em toda a série,"0 - Não
1 - Sim",
Escola,IN_COMUM_MEDIO_MEDIO,"Escola oferece matrículas de alunos com deficiência, transtorno do espectro autista (TEA), altas habilidades ou superdotação em Classes Comuns - Ensino Médio Propedêutico. A partir de 2025 considera apenas a oferta de ensino médio que não está articulada a curso de Itinerário de formação técnica e profissional (IFTP).",2007.0,2025.0,Coleta contínua 2007-2025,,Potencialmente comparável em toda a série,"0 - Não
1 - Sim",
Escola,IN_COMUM_MEDIO_INTEGRADO,"Escola oferece matrículas de alunos com deficiência, transtorno do espectro autista (TEA), altas habilidades ou superdotação em Classes Comuns - Ensino Médio Articulado ao itinerário Formativo Técnico Profissional - Curso Técnico. A partir de 2025 considera apenas a oferta de ensino médio articulado a um curso técnico do Itinerário de formação técnica e profissional (IFTP).",2007.0,2025.0,Coleta contínua 2007-2025,,Potencialmente comparável em toda a série,"0 - Não
1 - Sim",
Escola,IN_COMUM_MEDIO_FIC,"Escola oferece matrículas de alunos com deficiência, transtorno do espectro autista (TEA), altas habilidades ou superdotação em Classes Comuns - Ensino Médio Articulado ao itinerário Formativo Técnico Profissional - Qualificação Profissional.",2025.0,2025.0,Coleta iniciada em 2025,"2007, 2008, 2009, 2010, 2011, 2012, 2013, 2014, 2015, 2016, 2017, 2018, 2019, 2020, 2021, 2022, 2023, 2024",Comparável apenas no período de coleta,"0 - Não
1 - Sim",
Escola,IN_COMUM_MEDIO_NORMAL,"Escola oferece matrículas de alunos com deficiência, transtorno do espectro autista (TEA), altas habilidades ou superdotação em Classes Comuns - Ensino Médio Normal/Magistério",2007.0,2025.0,Coleta contínua 2007-2025,,Potencialmente comparável em toda a série,"0 - Não
1 - Sim",
Escola,IN_ESP_EXCLUSIVA_CRECHE,"Escola oferece matrículas de alunos com deficiência, transtorno do espectro autista (TEA), altas habilidades ou superdotação em Classes Exclusivas - Educação Infantil - Creche",2007.0,2025.0,Coleta contínua 2007-2025,,Potencialmente comparável em toda a série,"0 - Não
1 - Sim",
Escola,IN_ESP_EXCLUSIVA_PRE,"Escola oferece matrículas de alunos com deficiência, transtorno do espectro autista (TEA), altas habilidades ou superdotação em Classes Exclusivas - Educação Infantil - Pré-Escola",2007.0,2025.0,Coleta contínua 2007-2025,,Potencialmente comparável em toda a série,"0 - Não
1 - Sim",
Escola,IN_ESP_EXCLUSIVA_FUND_AI,"Escola oferece matrículas de alunos com deficiência, transtorno do espectro autista (TEA), altas habilidades ou superdotação em Classes Exclusivas - Anos Iniciais do Ensino Fundamental (1º ao 5º Ano)",2007.0,2025.0,Coleta contínua 2007-2025,,Potencialmente comparável em toda a série,"0 - Não
1 - Sim",
Escola,IN_ESP_EXCLUSIVA_FUND_AF,"Escola oferece matrículas de alunos com deficiência, transtorno do espectro autista (TEA), altas habilidades ou superdotação em Classes Exclusivas - Anos Finais do Ensino Fundamental (6º ao 9º Ano)",2007.0,2025.0,Coleta contínua 2007-2025,,Potencialmente comparável em toda a série,"0 - Não
1 - Sim",
Escola,IN_ESP_EXCLUSIVA_MEDIO_MEDIO,"Escola oferece matrículas de alunos com deficiência, transtorno do espectro autista (TEA), altas habilidades ou superdotação em Classes Exclusivas - Ensino Médio Propedêutico. A partir de 2025 considera apenas a oferta de ensino médio que não está articulada a curso de Itinerário de formação técnica e profissional (IFTP).",2007.0,2025.0,Coleta contínua 2007-2025,,Potencialmente comparável em toda a série,"0 - Não
1 - Sim",
Escola,IN_ESP_EXCLUSIVA_MEDIO_INTEGR,"Escola oferece matrículas de alunos com deficiência, transtorno do espectro autista (TEA), altas habilidades ou superdotação em Classes Exclusivas - Ensino Médio Articulado ao itinerário Formativo Técnico Profissional - Curso Técnico. A partir de 2025 considera apenas a oferta de ensino médio articulado a um curso técnico do Itinerário de formação técnica e profissional (IFTP).",2007.0,2025.0,Coleta contínua 2007-2025,,Potencialmente comparável em toda a série,"0 - Não
1 - Sim",
Escola,IN_ESP_EXCLUSIVA_MEDIO_FIC,"Escola oferece matrículas de alunos com deficiência, transtorno do espectro autista (TEA), altas habilidades ou superdotação em Classes Exclusivas - Ensino Médio Articulado ao itinerário Formativo Técnico Profissional - Qualificação Profissional.",2025.0,2025.0,Coleta iniciada em 2025,"2007, 2008, 2009, 2010, 2011, 2012, 2013, 2014, 2015, 2016, 2017, 2018, 2019, 2020, 2021, 2022, 2023, 2024",Comparável apenas no período de coleta,"0 - Não
1 - Sim",
Escola,IN_ESP_EXCLUSIVA_MEDIO_NORMAL,"Escola oferece matrículas de alunos com deficiência, transtorno do espectro autista (TEA), altas habilidades ou superdotação em Classes Exclusivas - Ensino Médio Normal/Magistério",2007.0,2025.0,Coleta contínua 2007-2025,,Potencialmente comparável em toda a série,"0 - Não
1 - Sim",
Escola,IN_COMUM_EJA_FUND,"Escola oferece matrículas de alunos com deficiência, transtorno do espectro autista (TEA), altas habilidades ou superdotação em Classes Comuns - Educação de Jovens e Adultos (EJA) Ensino Fundamental nos Anos Iniciais, Anos Finais e Curso FIC integrado à EJA de nível Fundamental",2007.0,2025.0,Coleta contínua 2007-2025,,Potencialmente comparável em toda a série,"0 - Não
1 - Sim",
Escola,IN_COMUM_EJA_MEDIO,"Escola oferece matrículas de alunos com deficiência, transtorno do espectro autista (TEA), altas habilidades ou superdotação em Classes Comuns - Educação de Jovens e Adultos (EJA) Ensino Médio, Curso FIC integrado à EJA de nível Médio e Curso Técnico integrado à EJA de nível Médio",2007.0,2025.0,Coleta contínua 2007-2025,,Potencialmente comparável em toda a série,"0 - Não
1 - Sim",
Escola,IN_COMUM_EJA_PROF,"Escola oferece matrículas de alunos com deficiência, transtorno do espectro autista (TEA), altas habilidades ou superdotação em Classes Comuns - Educação de Jovens e Adultos (EJA) Profissionalizante, Curso FIC integrado à EJA de nível Fundamental, Curso FIC integrado à EJA de nível Médio e Curso Técnico integrado à EJA de nível Médio",2007.0,2025.0,Coleta contínua 2007-2025,,Potencialmente comparável em toda a série,"0 - Não
1 - Sim",
Escola,IN_ESP_EXCLUSIVA_EJA_FUND,"Escola oferece matrículas de alunos com deficiência, transtorno do espectro autista (TEA), altas habilidades ou superdotação em Classes Exclusivas - Educação de Jovens e Adultos (EJA) Ensino Fundamental nos Anos Iniciais, Anos Finais e Curso FIC integrado à EJA de nível Fundamental",2007.0,2025.0,Coleta contínua 2007-2025,,Potencialmente comparável em toda a série,"0 - Não
1 - Sim",
Escola,IN_ESP_EXCLUSIVA_EJA_MEDIO,"Escola oferece matrículas de alunos com deficiência, transtorno do espectro autista (TEA), altas habilidades ou superdotação em Classes Exclusivas - Educação de Jovens e Adultos (EJA) Ensino Médio, Curso FIC integrado à EJA de nível Médio e Curso Técnico integrado à EJA de nível Médio",2007.0,2025.0,Coleta contínua 2007-2025,,Potencialmente comparável em toda a série,"0 - Não
1 - Sim",
Escola,IN_ESP_EXCLUSIVA_EJA_PROF,"Escola oferece matrículas de alunos com deficiência, transtorno do espectro autista (TEA), altas habilidades ou superdotação em Classes Exclusivas - Educação de Jovens e Adultos (EJA) Profissionalizante, Curso FIC integrado à EJA de nível Fundamental, Curso FIC integrado à EJA de nível Médio e Curso Técnico integrado à EJA de nível Médio",2007.0,2025.0,Coleta contínua 2007-2025,,Potencialmente comparável em toda a série,"0 - Não
1 - Sim",
Escola,IN_COMUM_PROF,"Escola oferece matrículas de alunos com deficiência, transtorno do espectro autista (TEA), altas habilidades ou superdotação em Classes Comuns - Educação Profissional, Curso Técnico Concomitante, Curso Técnico Subsequente, Curso FIC Concomitante, Itinerário Formativo Técnico Profissional Exclusivo - Curso Técnico (não articulado ao ensino médio regular) e Itinerário Formativo Técnico Profissional Exclusivo - Qualificação Profissional (não articulado ao ensino médio regular).",2007.0,2025.0,Coleta contínua 2007-2025,,Potencialmente comparável em toda a série,"0 - Não
1 - Sim",
Escola,IN_ESP_EXCLUSIVA_PROF,"Escola oferece matrículas de alunos com deficiência, transtorno do espectro autista (TEA), altas habilidades ou superdotação em Classes Exclusivas - Educação Profissional, Curso Técnico Concomitante, Curso Técnico Subsequente, Curso FIC Concomitante, Itinerário Formativo Técnico Profissional Exclusivo - Curso Técnico (não articulado ao ensino médio regular) e Itinerário Formativo Técnico Profissional Exclusivo - Qualificação Profissional (não articulado ao ensino médio regular).",2007.0,2025.0,Coleta contínua 2007-2025,,Potencialmente comparável em toda a série,"0 - Não
1 - Sim",
Matricula,NU_ANO_CENSO,Ano do Censo,2007.0,2025.0,Coleta contínua 2007-2025,,Potencialmente comparável em toda a série,,
Matricula,NO_REGIAO,Nome da Região Geográfica,2007.0,2025.0,Coleta contínua 2007-2025,,Potencialmente comparável em toda a série,,
Matricula,CO_REGIAO,Código da Região Geográfica,2007.0,2025.0,Coleta contínua 2007-2025,,Potencialmente comparável em toda a série,,
Matricula,NO_UF,Nome da Unidade da Federação,2007.0,2025.0,Coleta contínua 2007-2025,,Potencialmente comparável em toda a série,,
Matricula,SG_UF,Sigla da Unidade da Federação,2007.0,2025.0,Coleta contínua 2007-2025,,Potencialmente comparável em toda a série,,
Matricula,CO_UF,Código da Unidade da Federação,2007.0,2025.0,Coleta contínua 2007-2025,,Potencialmente comparável em toda a série,,
Matricula,NO_MUNICIPIO,Nome do Município,2007.0,2025.0,Coleta contínua 2007-2025,,Potencialmente comparável em toda a série,,
Matricula,CO_MUNICIPIO,Código do Município,2007.0,2025.0,Coleta contínua 2007-2025,,Potencialmente comparável em toda a série,,
Matricula,NO_REGIAO_GEOG_INTERM,Nome da Região Geográfica Intermediária,2019.0,2025.0,Coleta iniciada em 2019,"2007, 2008, 2009, 2010, 2011, 2012, 2013, 2014, 2015, 2016, 2017, 2018",Comparável apenas no período de coleta,,"A Fundação Instituto Brasileiro de Geografia e Estatísticas (IBGE), propôs em 2017 uma nova divisão geográfica regional do Brasil que corresponde às antigas Mesorregiões e Microrregiões. Assim, a partir de 2019, as regiões geográficas regionais são classificadas em Regiões Geográficas Intermediárias e Regiões Imediatas. No Censo Escolar, para fins de comparação ao longo dos anos, foram mantidas as variáveis de Mesorregiões e Microrregiões."
Matricula,CO_REGIAO_GEOG_INTERM,Código da Região Geográfica Intermediária,2019.0,2025.0,Coleta iniciada em 2019,"2007, 2008, 2009, 2010, 2011, 2012, 2013, 2014, 2015, 2016, 2017, 2018",Comparável apenas no período de coleta,,
Matricula,NO_REGIAO_GEOG_IMED,Nome da Região Geográfica Imediata,2019.0,2025.0,Coleta iniciada em 2019,"2007, 2008, 2009, 2010, 2011, 2012, 2013, 2014, 2015, 2016, 2017, 2018",Comparável apenas no período de coleta,,
Matricula,CO_REGIAO_GEOG_IMED,Código da Região Geográfica Imediata,2019.0,2025.0,Coleta iniciada em 2019,"2007, 2008, 2009, 2010, 2011, 2012, 2013, 2014, 2015, 2016, 2017, 2018",Comparável apenas no período de coleta,,
Matricula,NO_DISTRITO,Divisão Intramunicipal - Nome do Distrito,2007.0,2025.0,Coleta contínua 2007-2025,,Potencialmente comparável em toda a série,,
Matricula,CO_DISTRITO,Divisão Intramunicipal - Código do Distrito,2007.0,2025.0,Coleta contínua 2007-2025,,Potencialmente comparável em toda a série,,
Matricula,NO_SUBDISTRITO,Divisão Intramunicipal - Nome do Subdistrito,2025.0,2025.0,Coleta iniciada em 2025,"2007, 2008, 2009, 2010, 2011, 2012, 2013, 2014, 2015, 2016, 2017, 2018, 2019, 2020, 2021, 2022, 2023, 2024",Comparável apenas no período de coleta,,"A partir do Censo Escolar de 2025, a coleta de informações passou a contemplar dados geográficos desagregados pelo Código das Regiões Administrativas exclusivamente para o Distrito Federal. Em decorrência dessa alteração, nos Microdados, o nome e o código das Regiões Administrativas do Distrito Federal passaram a ser incorporados às variáveis de Código e Nome do Distrito.
Assim, nesta versão dos Microdados, as variáveis NO_REGIAO_ADMINISTRATIVA e CO_REGIAO_ADMINISTRATIVA foram, respectivamente, integradas às variáveis NO_DISTRITO e CO_DISTRITO."
Matricula,CO_SUBDISTRITO,Divisão Intramunicipal - Código do Subdistrito,2025.0,2025.0,Coleta iniciada em 2025,"2007, 2008, 2009, 2010, 2011, 2012, 2013, 2014, 2015, 2016, 2017, 2018, 2019, 2020, 2021, 2022, 2023, 2024",Comparável apenas no período de coleta,,
Matricula,NO_ENTIDADE,Nome da Escola,2007.0,2025.0,Coleta contínua 2007-2025,,Potencialmente comparável em toda a série,,
Matricula,CO_ENTIDADE,Código da Escola,2007.0,2025.0,Coleta contínua 2007-2025,,Potencialmente comparável em toda a série,,
Matricula,CO_REDE,Rede de Ensino,2007.0,2025.0,Coleta contínua 2007-2025,,Potencialmente comparável em toda a série,"1 - Pública
2 - Privada",
Matricula,TP_DEPENDENCIA,Dependência Administrativa,2007.0,2025.0,Coleta contínua 2007-2025,,Potencialmente comparável em toda a série,"1 - Federal
2 - Estadual
3 - Municipal
4 - Privada",
Matricula,TP_CATEGORIA_ESCOLA_PRIVADA,Categoria da escola privada,2007.0,2025.0,Coleta contínua 2007-2025,,Potencialmente comparável em toda a série,"1 - Particular
2 - Comunitária
3 - Confessional
4 - Filantrópica
   - Não aplicável para escolas públicas",
Matricula,TP_LOCALIZACAO,Localização,2007.0,2025.0,Coleta contínua 2007-2025,,Potencialmente comparável em toda a série,"1 - Urbana
2 - Rural",
Matricula,TP_LOCALIZACAO_DIFERENCIADA,Localização diferenciada da escola,2007.0,2025.0,Coleta contínua 2007-2025,,Potencialmente comparável em toda a série,"0 - A escola não está em área de localização diferenciada
1 - Área de assentamento
2 - Terra indígena
3 - Comunidade quilombola
8 - Área onde se localizam povos e comunidades tradicionais","De 2007 a 2011:  
0 - Não se aplica
1 - Área de assentamento
2 - Terra indígena
3 - Área remanescente de quilombos
De 2012 a 2018:  
0 - A escola não está em área de localização diferenciada
1 - Área de assentamento
2 - Terra indígena
3 - Área remanescente de quilombos
4 - Unidade de uso sustentável
5 - Unidade de uso sustentável em terra indígena
6 - Unidade de uso sustentável em área remanescente de quilombos
De 2019 a 2022: 
0 - A escola não está em área de localização diferenciada
1 - Área de assentamento
2 - Terra indígena
3 - Área onde se localiza comunidade remanescente de quilombos
Em 2023 foi adicionada a categoria 8: 
8 - Área onde se localizam povos e comunidades tradicionais"
Matricula,IN_PODER_PUBLICO_PARCERIA,"Parceria ou convênio com o poder público (parceria ou convênio firmado entre a Administração Pública e instituições privadas ou instituições públicas de ensino, autarquias e fundações da administração indireta e demais instituições de educação profissional técnica de nível médio dos serviços sociais autônomos que integram o sistema federal de ensino, para financiamento do atendimento educacional ou para a oferta do itinerário de formação técnica e profissional do ensino médio)",2007.0,2025.0,Coleta contínua 2007-2025,,Potencialmente comparável em toda a série,"0 - Não
1 - Sim","Entre 2007 e 2021:
A variável IN_CONVENIADA_PP foi renomeada para:
IN_PODER_PUBLICO_PARCERIA "
Matricula,TP_PODER_PUBLICO_PARCERIA,Poder público responsável pela parceria ou convênio entre a Administração Pública e outras instituições,2007.0,2025.0,Coleta contínua 2007-2025,,Potencialmente comparável em toda a série,"1 - Municipal
2 - Estadual
3 - Estadual e Municipal
   - Não aplicável  para escolas sem parceria ou convênio com o poder público","Entre 2007 e 2021:
A variável TP_CONVENIO_PODER_PUBLICO foi renomeada para: TP_PODER_PUBLICO_PARCERIA "
Matricula,QT_MAT_BAS,"Número de Matrículas da Educação Básica
",2007.0,2025.0,Coleta contínua 2007-2025,,Potencialmente comparável em toda a série,,"Não inclui matrículas em turmas exclusivas de atividade complementar e nem em turmas exclusivas de Atendimento Educacional Especializado. Em síntese, a Educação Básica compreende matrículas nas seguintes etapas e modalidades de ensino: Educação Infantil, Ensino Fundamental, Ensino Médio, Curso Técnico Concomitante, Curso Técnico Subsequente, Itinerário Formativo Técnico Profissional Exclusivo - Curso Técnico (não articulado ao ensino médio regular), Curso FIC Concomitante, Itinerário Formativo Técnico Profissional Exclusivo - Qualificação Profissional (não articulado ao ensino médio regular) e Educação de Jovens e Adultos (EJA)."
Matricula,QT_MAT_INF,Número de Matrículas da Educação Infantil,2007.0,2025.0,Coleta contínua 2007-2025,,Potencialmente comparável em toda a série,,
Matricula,QT_MAT_INF_CRE,Número de Matrículas da Educação Infantil - Creche,2007.0,2025.0,Coleta contínua 2007-2025,,Potencialmente comparável em toda a série,,
Matricula,QT_MAT_INF_PRE,Número de Matrículas da Educação Infantil - Pré-Escola,2007.0,2025.0,Coleta contínua 2007-2025,,Potencialmente comparável em toda a série,,
Matricula,QT_MAT_FUND,Número de Matrículas do Ensino Fundamental,2007.0,2025.0,Coleta contínua 2007-2025,,Potencialmente comparável em toda a série,,
Matricula,QT_MAT_FUND_AI,Número de Matrículas do Ensino Fundamental - Anos Iniciais,2007.0,2025.0,Coleta contínua 2007-2025,,Potencialmente comparável em toda a série,,
Matricula,QT_MAT_FUND_AI_1,Número de Matrículas do Ensino Fundamental - Anos Iniciais - 1º Ano,2007.0,2025.0,Coleta contínua 2007-2025,,Potencialmente comparável em toda a série,,
Matricula,QT_MAT_FUND_AI_2,Número de Matrículas do Ensino Fundamental - Anos Iniciais - 2º Ano,2007.0,2025.0,Coleta contínua 2007-2025,,Potencialmente comparável em toda a série,,
Matricula,QT_MAT_FUND_AI_3,Número de Matrículas do Ensino Fundamental - Anos Iniciais - 3º Ano,2007.0,2025.0,Coleta contínua 2007-2025,,Potencialmente comparável em toda a série,,
Matricula,QT_MAT_FUND_AI_4,Número de Matrículas do Ensino Fundamental - Anos Iniciais - 4º Ano,2007.0,2025.0,Coleta contínua 2007-2025,,Potencialmente comparável em toda a série,,
Matricula,QT_MAT_FUND_AI_5,Número de Matrículas do Ensino Fundamental - Anos Iniciais - 5º Ano,2007.0,2025.0,Coleta contínua 2007-2025,,Potencialmente comparável em toda a série,,
Matricula,QT_MAT_FUND_AF,Número de Matrículas do Ensino Fundamental - Anos Finais,2007.0,2025.0,Coleta contínua 2007-2025,,Potencialmente comparável em toda a série,,
Matricula,QT_MAT_FUND_AF_6,Número de Matrículas do Ensino Fundamental - Anos Finais - 6º Ano,2007.0,2025.0,Coleta contínua 2007-2025,,Potencialmente comparável em toda a série,,
Matricula,QT_MAT_FUND_AF_7,Número de Matrículas do Ensino Fundamental - Anos Finais - 7º Ano,2007.0,2025.0,Coleta contínua 2007-2025,,Potencialmente comparável em toda a série,,
Matricula,QT_MAT_FUND_AF_8,Número de Matrículas do Ensino Fundamental - Anos Finais - 8º Ano,2007.0,2025.0,Coleta contínua 2007-2025,,Potencialmente comparável em toda a série,,
Matricula,QT_MAT_FUND_AF_9,Número de Matrículas do Ensino Fundamental - Anos Finais - 9º Ano,2007.0,2025.0,Coleta contínua 2007-2025,,Potencialmente comparável em toda a série,,
Matricula,QT_MAT_MED,Número de Matrículas do Ensino Médio Regular,2007.0,2025.0,Coleta contínua 2007-2025,,Potencialmente comparável em toda a série,,
Matricula,QT_MAT_MED_1,Número de Matrículas do Ensino Médio Regular - 1º ano/1ª Série,2007.0,2025.0,Coleta contínua 2007-2025,,Potencialmente comparável em toda a série,,
Matricula,QT_MAT_MED_2,Número de Matrículas do Ensino Médio Regular - 2º ano/2ª Série,2007.0,2025.0,Coleta contínua 2007-2025,,Potencialmente comparável em toda a série,,
Matricula,QT_MAT_MED_3,Número de Matrículas do Ensino Médio Regular - 3º ano/3ª Série,2007.0,2025.0,Coleta contínua 2007-2025,,Potencialmente comparável em toda a série,,
Matricula,QT_MAT_MED_4,Número de Matrículas do Ensino Médio Regular - 4º ano/4ª Série,2007.0,2025.0,Coleta contínua 2007-2025,,Potencialmente comparável em toda a série,,
Matricula,QT_MAT_MED_NS,Número de Matrículas do Ensino Médio Regular - Não Seriado,2007.0,2025.0,Coleta contínua 2007-2025,,Potencialmente comparável em toda a série,,
Matricula,QT_MAT_MED_PROP,Número de Matrículas do Ensino Médio Regular - Propedêutico,2007.0,2025.0,Coleta contínua 2007-2025,,Potencialmente comparável em toda a série,,
Matricula,QT_MAT_MED_PROP_1,Número de Matrículas do Ensino Médio Regular - Propedêutico - 1º ano/1ª Série,2007.0,2025.0,Coleta contínua 2007-2025,,Potencialmente comparável em toda a série,,
Matricula,QT_MAT_MED_PROP_2,Número de Matrículas do Ensino Médio Regular - Propedêutico - 2º ano/2ª Série,2007.0,2025.0,Coleta contínua 2007-2025,,Potencialmente comparável em toda a série,,
Matricula,QT_MAT_MED_PROP_3,Número de Matrículas do Ensino Médio Regular - Propedêutico - 3º ano/3ª Série,2007.0,2025.0,Coleta contínua 2007-2025,,Potencialmente comparável em toda a série,,
Matricula,QT_MAT_MED_PROP_4,Número de Matrículas do Ensino Médio Regular - Propedêutico - 4º ano/4ª Série,2007.0,2025.0,Coleta contínua 2007-2025,,Potencialmente comparável em toda a série,,
Matricula,QT_MAT_MED_PROP_NS,Número de Matrículas do Ensino Médio Regular - Propedêutico - Não Seriado,2007.0,2025.0,Coleta contínua 2007-2025,,Potencialmente comparável em toda a série,,
Matricula,QT_MAT_MED_IFTP_CT,Número de Matrículas do Ensino Médio Regular (Formação Geral Básica - FGB) articuladas ao Curso Técnico do Itinerário Formativo Técnico Profissional (IFTP) - Curso Técnico,2007.0,2025.0,Coleta contínua 2007-2025,,Potencialmente comparável em toda a série,,
Matricula,QT_MAT_MED_ARTI_IFTP_CT,Número de Matrículas do Ensino Médio Regular (Formação Geral Básica - FGB) articuladas ao Curso Técnico do Itinerário Formativo Técnico Profissional (IFTP) - Curso Técnico,2025.0,2025.0,Coleta iniciada em 2025,"2007, 2008, 2009, 2010, 2011, 2012, 2013, 2014, 2015, 2016, 2017, 2018, 2019, 2020, 2021, 2022, 2023, 2024",Comparável apenas no período de coleta,,Não inclui o Ensino Médio Normal/Magistério. Variável descontinuada porque o valor das turmas de FGB e Ensino Médio Propedêutico será igual ao valor da variável: QT_MAT_MED_IFTP_CT.
Matricula,QT_MAT_MED_IFTP_CT_MT,Número de Matrículas do Ensino Médio Regular (Formação Geral Básica - FGB) articuladas ao Curso Técnico do Itinerário Formativo Técnico Profissional (IFTP) - Curso Técnico ofertado na mesma turma,2025.0,2025.0,Coleta iniciada em 2025,"2007, 2008, 2009, 2010, 2011, 2012, 2013, 2014, 2015, 2016, 2017, 2018, 2019, 2020, 2021, 2022, 2023, 2024",Comparável apenas no período de coleta,,Não inclui o Ensino Médio Normal/Magistério. Antigo nome da variável: QT_MAT_MED_ARTI_IFTP_CT_MT.
Matricula,QT_MAT_MED_IFTP_CT_OTME,Número de Matrículas do Ensino Médio Regular (Formação Geral Básica - FGB) articuladas ao Curso Técnico do Itinerário Formativo Técnico Profissional (IFTP) - Curso Técnico ofertado em outra turma da mesma escola,2025.0,2025.0,Coleta iniciada em 2025,"2007, 2008, 2009, 2010, 2011, 2012, 2013, 2014, 2015, 2016, 2017, 2018, 2019, 2020, 2021, 2022, 2023, 2024",Comparável apenas no período de coleta,,Não inclui o Ensino Médio Normal/Magistério. Antigo nome da variável: QT_MAT_MED_ARTI_IFTP_CT_OTME.
Matricula,QT_MAT_MED_IFTP_CT_OE,Número de Matrículas do Ensino Médio Regular (Formação Geral Básica - FGB) articuladas ao Curso Técnico do Itinerário Formativo Técnico Profissional (IFTP) - Curso Técnico ofertado em outra escola,2025.0,2025.0,Coleta iniciada em 2025,"2007, 2008, 2009, 2010, 2011, 2012, 2013, 2014, 2015, 2016, 2017, 2018, 2019, 2020, 2021, 2022, 2023, 2024",Comparável apenas no período de coleta,,Não inclui o Ensino Médio Normal/Magistério. Antigo nome da variável: QT_MAT_MED_ARTI_IFTP_CT_OE.
Matricula,QT_MAT_MED_IFTP_CT_1,Número de Matrículas do Ensino Médio Regular (Formação Geral Básica - FGB) articuladas ao Curso Técnico do Itinerário Formativo Técnico Profissional (IFTP) - Curso Técnico - 1º ano/1ª Série,2007.0,2025.0,Coleta contínua 2007-2025,,Potencialmente comparável em toda a série,,
Matricula,QT_MAT_MED_IFTP_CT_2,Número de Matrículas do Ensino Médio Regular (Formação Geral Básica - FGB) articuladas ao Curso Técnico do Itinerário Formativo Técnico Profissional (IFTP) - Curso Técnico - 2º ano/2ª Série,2007.0,2025.0,Coleta contínua 2007-2025,,Potencialmente comparável em toda a série,,
Matricula,QT_MAT_MED_IFTP_CT_3,Número de Matrículas do Ensino Médio Regular (Formação Geral Básica - FGB) articuladas ao Curso Técnico do Itinerário Formativo Técnico Profissional (IFTP) - Curso Técnico - 3º ano/3ª Série,2007.0,2025.0,Coleta contínua 2007-2025,,Potencialmente comparável em toda a série,,
Matricula,QT_MAT_MED_IFTP_CT_4,Número de Matrículas do Ensino Médio Regular (Formação Geral Básica - FGB) articuladas ao Curso Técnico do Itinerário Formativo Técnico Profissional (IFTP) - Curso Técnico - 4º ano/4ª Série,2007.0,2025.0,Coleta contínua 2007-2025,,Potencialmente comparável em toda a série,,
Matricula,QT_MAT_MED_IFTP_CT_NS,Número de Matrículas do Ensino Médio Regular (Formação Geral Básica - FGB) articuladas ao Curso Técnico do Itinerário Formativo Técnico Profissional (IFTP) - Curso Técnico - Não Seriado,2007.0,2025.0,Coleta contínua 2007-2025,,Potencialmente comparável em toda a série,,
Matricula,QT_MAT_MED_IFTP_QP,Número de Matrículas do Ensino Médio Regular (Formação Geral Básica - FGB) articuladas ao Itinerário Formativo Técnico Profissional (IFTP) - Qualificação Profissional,2025.0,2025.0,Coleta iniciada em 2025,"2007, 2008, 2009, 2010, 2011, 2012, 2013, 2014, 2015, 2016, 2017, 2018, 2019, 2020, 2021, 2022, 2023, 2024",Comparável apenas no período de coleta,Educação Profissional Não-Técnica,
Matricula,QT_MAT_MED_ARTI_IFTP_QP,Número de Matrículas do Ensino Médio Regular (Formação Geral Básica - FGB) articuladas ao Itinerário Formativo Técnico Profissional (IFTP) - Qualificação Profissional,2025.0,2025.0,Coleta iniciada em 2025,"2007, 2008, 2009, 2010, 2011, 2012, 2013, 2014, 2015, 2016, 2017, 2018, 2019, 2020, 2021, 2022, 2023, 2024",Comparável apenas no período de coleta,Educação Profissional Não-Técnica,Não inclui o Ensino Médio Normal/Magistério. Variável descontinuada porque o valor das turmas de FGB e Ensino Médio Propedêutico será igual ao valor da variável: QT_MAT_MED_IFTP_QP.
Matricula,QT_MAT_MED_IFTP_QP_MT,Número de Matrículas do Ensino Médio Regular (Formação Geral Básica - FGB) articuladas ao Itinerário Formativo Técnico Profissional (IFTP) - Qualificação Profissional ofertado na mesma turma,2025.0,2025.0,Coleta iniciada em 2025,"2007, 2008, 2009, 2010, 2011, 2012, 2013, 2014, 2015, 2016, 2017, 2018, 2019, 2020, 2021, 2022, 2023, 2024",Comparável apenas no período de coleta,Educação Profissional Não-Técnica,Não inclui o Ensino Médio Normal/Magistério. Antigo nome da variável: QT_MAT_MED_ARTI_IFTP_QP_MT.
Matricula,QT_MAT_MED_IFTP_QP_OTME,Número de Matrículas do Ensino Médio Regular (Formação Geral Básica - FGB) articuladas ao Itinerário Formativo Técnico Profissional (IFTP) - Qualificação Profissional ofertado em outra turma da mesma escola,2025.0,2025.0,Coleta iniciada em 2025,"2007, 2008, 2009, 2010, 2011, 2012, 2013, 2014, 2015, 2016, 2017, 2018, 2019, 2020, 2021, 2022, 2023, 2024",Comparável apenas no período de coleta,Educação Profissional Não-Técnica,Não inclui o Ensino Médio Normal/Magistério. Antigo nome da variável: QT_MAT_MED_ARTI_IFTP_QP_OTME.
Matricula,QT_MAT_MED_IFTP_QP_OE,Número de Matrículas do Ensino Médio Regular (Formação Geral Básica - FGB) articuladas ao Itinerário Formativo Técnico Profissional (IFTP) - Qualificação Profissional ofertado em outra escola,2025.0,2025.0,Coleta iniciada em 2025,"2007, 2008, 2009, 2010, 2011, 2012, 2013, 2014, 2015, 2016, 2017, 2018, 2019, 2020, 2021, 2022, 2023, 2024",Comparável apenas no período de coleta,Educação Profissional Não-Técnica,Não inclui o Ensino Médio Normal/Magistério. Antigo nome da variável: QT_MAT_MED_ARTI_IFTP_QP_OE.
Matricula,QT_MAT_MED_IFTP_QP_1,Número de Matrículas do Ensino Médio Regular (Formação Geral Básica - FGB) articuladas ao Itinerário Formativo Técnico Profissional (IFTP) - Qualificação Profissional - 1º ano/1ª Série,2025.0,2025.0,Coleta iniciada em 2025,"2007, 2008, 2009, 2010, 2011, 2012, 2013, 2014, 2015, 2016, 2017, 2018, 2019, 2020, 2021, 2022, 2023, 2024",Comparável apenas no período de coleta,Educação Profissional Não-Técnica,
Matricula,QT_MAT_MED_IFTP_QP_2,Número de Matrículas do Ensino Médio Regular (Formação Geral Básica - FGB) articuladas ao Itinerário Formativo Técnico Profissional (IFTP) - Qualificação Profissional - 2º ano/2ª Série,2025.0,2025.0,Coleta iniciada em 2025,"2007, 2008, 2009, 2010, 2011, 2012, 2013, 2014, 2015, 2016, 2017, 2018, 2019, 2020, 2021, 2022, 2023, 2024",Comparável apenas no período de coleta,Educação Profissional Não-Técnica,
Matricula,QT_MAT_MED_IFTP_QP_3,Número de Matrículas do Ensino Médio Regular (Formação Geral Básica - FGB) articuladas ao Itinerário Formativo Técnico Profissional (IFTP) - Qualificação Profissional - 3º ano/3ª Série,2025.0,2025.0,Coleta iniciada em 2025,"2007, 2008, 2009, 2010, 2011, 2012, 2013, 2014, 2015, 2016, 2017, 2018, 2019, 2020, 2021, 2022, 2023, 2024",Comparável apenas no período de coleta,Educação Profissional Não-Técnica,
Matricula,QT_MAT_MED_IFTP_QP_4,Número de Matrículas do Ensino Médio Regular (Formação Geral Básica - FGB) articuladas ao Itinerário Formativo Técnico Profissional (IFTP) - Qualificação Profissional - 4º ano/4ª Série,2025.0,2025.0,Coleta iniciada em 2025,"2007, 2008, 2009, 2010, 2011, 2012, 2013, 2014, 2015, 2016, 2017, 2018, 2019, 2020, 2021, 2022, 2023, 2024",Comparável apenas no período de coleta,Educação Profissional Não-Técnica,
Matricula,QT_MAT_MED_IFTP_QP_NS,Número de Matrículas do Ensino Médio Regular (Formação Geral Básica - FGB) articuladas ao Itinerário Formativo Técnico Profissional (IFTP) - Qualificação Profissional - Não Seriado,2025.0,2025.0,Coleta iniciada em 2025,"2007, 2008, 2009, 2010, 2011, 2012, 2013, 2014, 2015, 2016, 2017, 2018, 2019, 2020, 2021, 2022, 2023, 2024",Comparável apenas no período de coleta,Educação Profissional Não-Técnica,
Matricula,QT_MAT_MED_NM,Número de Matrículas do Ensino Médio Regular -  Modalidade Normal/Magistério,2007.0,2025.0,Coleta contínua 2007-2025,,Potencialmente comparável em toda a série,,
Matricula,QT_MAT_MED_NM_1,Número de Matrículas do Ensino Médio Regular -  Modalidade Normal/Magistério - 1º ano/1ª Série,2007.0,2025.0,Coleta contínua 2007-2025,,Potencialmente comparável em toda a série,,
Matricula,QT_MAT_MED_NM_2,Número de Matrículas do Ensino Médio Regular -  Modalidade Normal/Magistério - 2º ano/2ª Série,2007.0,2025.0,Coleta contínua 2007-2025,,Potencialmente comparável em toda a série,,
Matricula,QT_MAT_MED_NM_3,Número de Matrículas do Ensino Médio Regular -  Modalidade Normal/Magistério - 3º ano/3ª Série,2007.0,2025.0,Coleta contínua 2007-2025,,Potencialmente comparável em toda a série,,
Matricula,QT_MAT_MED_NM_4,Número de Matrículas do Ensino Médio Regular -  Modalidade Normal/Magistério - 4º ano/4ª Série,2007.0,2025.0,Coleta contínua 2007-2025,,Potencialmente comparável em toda a série,,
Matricula,QT_MAT_MED_IFA,"Número de Matrículas do Ensino Médio Regular - Itinerário formativo de aprofundamento (IFA). Percursos educacionais estruturados de livre escolha dos estudantes, que permite aos educandos o aprofundamento de suas aprendizagens e de seu desenvolvimento em uma ou em mais áreas do conhecimento. Deve realizar-se por meio da oferta de projetos interdisciplinares e integradores, organizados com ênfase nos componentes curriculares que compõem a(s) área(s) de conhecimento eleitas, de modo a ampliar o diálogo entre as dimensões teóricas e práticas dos conteúdos, a consideração e valorização da diversidade territorial e cultural do Brasil e as escolhas estabelecidas na proposta pedagógica de cada unidade escolar.",2025.0,2025.0,Coleta iniciada em 2025,"2007, 2008, 2009, 2010, 2011, 2012, 2013, 2014, 2015, 2016, 2017, 2018, 2019, 2020, 2021, 2022, 2023, 2024",Comparável apenas no período de coleta,Aplicável apenas para turmas de ensino médio regular (propedêutico ou normal/magistério),
Matricula,QT_MAT_MED_IFA_LING,Número de Matrículas do Ensino Médio Regular - Área do Itinerário formativo de aprofundamento (IFA) - Linguagens e suas tecnologias,2025.0,2025.0,Coleta iniciada em 2025,"2007, 2008, 2009, 2010, 2011, 2012, 2013, 2014, 2015, 2016, 2017, 2018, 2019, 2020, 2021, 2022, 2023, 2024",Comparável apenas no período de coleta,Aplicável apenas para turmas de ensino médio regular (propedêutico ou normal/magistério),
Matricula,QT_MAT_MED_IFA_LING_MT,Número de Matrículas do Ensino Médio Regular - Área do Itinerário formativo de aprofundamento (IFA) - Linguagens e suas tecnologias na mesma turma,2025.0,2025.0,Coleta iniciada em 2025,"2007, 2008, 2009, 2010, 2011, 2012, 2013, 2014, 2015, 2016, 2017, 2018, 2019, 2020, 2021, 2022, 2023, 2024",Comparável apenas no período de coleta,Aplicável apenas para turmas de ensino médio regular (propedêutico ou normal/magistério),
Matricula,QT_MAT_MED_IFA_LING_OTME,Número de Matrículas do Ensino Médio Regular - Área do Itinerário formativo de aprofundamento (IFA) - Linguagens e suas tecnologias em outra turma da mesma escola,2025.0,2025.0,Coleta iniciada em 2025,"2007, 2008, 2009, 2010, 2011, 2012, 2013, 2014, 2015, 2016, 2017, 2018, 2019, 2020, 2021, 2022, 2023, 2024",Comparável apenas no período de coleta,Aplicável apenas para turmas de ensino médio regular (propedêutico ou normal/magistério),
Matricula,QT_MAT_MED_IFA_LING_OE,Número de Matrículas do Ensino Médio Regular - Área do Itinerário formativo de aprofundamento (IFA) - Linguagens e suas tecnologias em outra escola,2025.0,2025.0,Coleta iniciada em 2025,"2007, 2008, 2009, 2010, 2011, 2012, 2013, 2014, 2015, 2016, 2017, 2018, 2019, 2020, 2021, 2022, 2023, 2024",Comparável apenas no período de coleta,Aplicável apenas para turmas de ensino médio regular (propedêutico ou normal/magistério),
Matricula,QT_MAT_MED_IFA_MATE,Número de Matrículas do Ensino Médio Regular - Área do Itinerário formativo de aprofundamento (IFA) - Matemática e suas tecnologias,2025.0,2025.0,Coleta iniciada em 2025,"2007, 2008, 2009, 2010, 2011, 2012, 2013, 2014, 2015, 2016, 2017, 2018, 2019, 2020, 2021, 2022, 2023, 2024",Comparável apenas no período de coleta,Aplicável apenas para turmas de ensino médio regular (propedêutico ou normal/magistério),
Matricula,QT_MAT_MED_IFA_MATE_MT,Número de Matrículas do Ensino Médio Regular - Área do Itinerário formativo de aprofundamento (IFA) - Matemática e suas tecnologias na mesma turma,2025.0,2025.0,Coleta iniciada em 2025,"2007, 2008, 2009, 2010, 2011, 2012, 2013, 2014, 2015, 2016, 2017, 2018, 2019, 2020, 2021, 2022, 2023, 2024",Comparável apenas no período de coleta,Aplicável apenas para turmas de ensino médio regular (propedêutico ou normal/magistério),
Matricula,QT_MAT_MED_IFA_MATE_OTME,Número de Matrículas do Ensino Médio Regular - Área do Itinerário formativo de aprofundamento (IFA) - Matemática e suas tecnologias em outra turma da mesma escola,2025.0,2025.0,Coleta iniciada em 2025,"2007, 2008, 2009, 2010, 2011, 2012, 2013, 2014, 2015, 2016, 2017, 2018, 2019, 2020, 2021, 2022, 2023, 2024",Comparável apenas no período de coleta,Aplicável apenas para turmas de ensino médio regular (propedêutico ou normal/magistério),
Matricula,QT_MAT_MED_IFA_MATE_OE,Número de Matrículas do Ensino Médio Regular - Área do Itinerário formativo de aprofundamento (IFA) - Matemática e suas tecnologias em outra escola,2025.0,2025.0,Coleta iniciada em 2025,"2007, 2008, 2009, 2010, 2011, 2012, 2013, 2014, 2015, 2016, 2017, 2018, 2019, 2020, 2021, 2022, 2023, 2024",Comparável apenas no período de coleta,Aplicável apenas para turmas de ensino médio regular (propedêutico ou normal/magistério),
Matricula,QT_MAT_MED_IFA_CIENC,Número de Matrículas do Ensino Médio Regular - Área do Itinerário formativo de aprofundamento (IFA) - Ciências da natureza e suas tecnologias,2025.0,2025.0,Coleta iniciada em 2025,"2007, 2008, 2009, 2010, 2011, 2012, 2013, 2014, 2015, 2016, 2017, 2018, 2019, 2020, 2021, 2022, 2023, 2024",Comparável apenas no período de coleta,Aplicável apenas para turmas de ensino médio regular (propedêutico ou normal/magistério),
Matricula,QT_MAT_MED_IFA_CIENC_MT,Número de Matrículas do Ensino Médio Regular - Área do Itinerário formativo de aprofundamento (IFA) - Ciências da natureza e suas tecnologias na mesma turma,2025.0,2025.0,Coleta iniciada em 2025,"2007, 2008, 2009, 2010, 2011, 2012, 2013, 2014, 2015, 2016, 2017, 2018, 2019, 2020, 2021, 2022, 2023, 2024",Comparável apenas no período de coleta,Aplicável apenas para turmas de ensino médio regular (propedêutico ou normal/magistério),
Matricula,QT_MAT_MED_IFA_CIENC_OTME,Número de Matrículas do Ensino Médio Regular - Área do Itinerário formativo de aprofundamento (IFA) - Ciências da natureza e suas tecnologias em outra turma da mesma escola,2025.0,2025.0,Coleta iniciada em 2025,"2007, 2008, 2009, 2010, 2011, 2012, 2013, 2014, 2015, 2016, 2017, 2018, 2019, 2020, 2021, 2022, 2023, 2024",Comparável apenas no período de coleta,Aplicável apenas para turmas de ensino médio regular (propedêutico ou normal/magistério),
Matricula,QT_MAT_MED_IFA_CIENC_OE,Número de Matrículas do Ensino Médio Regular - Área do Itinerário formativo de aprofundamento (IFA) - Ciências da natureza e suas tecnologias em outra escola,2025.0,2025.0,Coleta iniciada em 2025,"2007, 2008, 2009, 2010, 2011, 2012, 2013, 2014, 2015, 2016, 2017, 2018, 2019, 2020, 2021, 2022, 2023, 2024",Comparável apenas no período de coleta,Aplicável apenas para turmas de ensino médio regular (propedêutico ou normal/magistério),
Matricula,QT_MAT_MED_IFA_HUMA,Número de Matrículas do Ensino Médio Regular - Área do Itinerário formativo de aprofundamento (IFA) - Ciências humanas e sociais aplicadas,2025.0,2025.0,Coleta iniciada em 2025,"2007, 2008, 2009, 2010, 2011, 2012, 2013, 2014, 2015, 2016, 2017, 2018, 2019, 2020, 2021, 2022, 2023, 2024",Comparável apenas no período de coleta,Aplicável apenas para turmas de ensino médio regular (propedêutico ou normal/magistério),
Matricula,QT_MAT_MED_IFA_HUMA_MT,Número de Matrículas do Ensino Médio Regular - Área do Itinerário formativo de aprofundamento (IFA) - Ciências humanas e sociais aplicadas na mesma turma,2025.0,2025.0,Coleta iniciada em 2025,"2007, 2008, 2009, 2010, 2011, 2012, 2013, 2014, 2015, 2016, 2017, 2018, 2019, 2020, 2021, 2022, 2023, 2024",Comparável apenas no período de coleta,Aplicável apenas para turmas de ensino médio regular (propedêutico ou normal/magistério),
Matricula,QT_MAT_MED_IFA_HUMA_OTME,Número de Matrículas do Ensino Médio Regular - Área do Itinerário formativo de aprofundamento (IFA) - Ciências humanas e sociais aplicadas em outra turma da mesma escola,2025.0,2025.0,Coleta iniciada em 2025,"2007, 2008, 2009, 2010, 2011, 2012, 2013, 2014, 2015, 2016, 2017, 2018, 2019, 2020, 2021, 2022, 2023, 2024",Comparável apenas no período de coleta,Aplicável apenas para turmas de ensino médio regular (propedêutico ou normal/magistério),
Matricula,QT_MAT_MED_IFA_HUMA_OE,Número de Matrículas do Ensino Médio Regular - Área do Itinerário formativo de aprofundamento (IFA) - Ciências humanas e sociais aplicadas em outra escola,2025.0,2025.0,Coleta iniciada em 2025,"2007, 2008, 2009, 2010, 2011, 2012, 2013, 2014, 2015, 2016, 2017, 2018, 2019, 2020, 2021, 2022, 2023, 2024",Comparável apenas no período de coleta,Aplicável apenas para turmas de ensino médio regular (propedêutico ou normal/magistério),
Matricula,QT_MAT_PROF,Número de Matrículas da Educação Profissional,2007.0,2025.0,Coleta contínua 2007-2025,,Potencialmente comparável em toda a série,,"Modo profissionalizante de ensino correspondente às turmas de cursos técnicos de nível médio nas formas articuladas (integrada ou concomitante), ou subsequente ao ensino médio e de normal/magistério, e as turmas de cursos profissionalizantes não-técnicos. Inclui as seguintes etapas de ensino:            Ensino Médio articulado ao Itinerário Formativo Técnico Profissional - Curso Técnico, Ensino Médio Normal/Magistério, Curso Técnico Concomitante, Curso Técnico Subsequente,  Curso Técnico Integrado à EJA de Nível Médio, Itinerário Formativo Técnico Profissional Exclusivo - Curso Técnico (não articulado ao ensino médio regular), Curso FIC Concomitante, Curso FIC Integrado à EJA de Nível Fundamental, Curso FIC Integrado à EJA de Nível Médio, Ensino Médio articulado ao Itinerário Formativo Técnico Profissional - Qualificação Profissional e Itinerário Formativo Técnico Profissional Exclusivo - Qualificação Profissional (não articulado ao ensino médio regular)."
Matricula,QT_MAT_PROF_TEC,Número de Matrículas da Educação Profissional Técnica,2007.0,2025.0,Coleta contínua 2007-2025,,Potencialmente comparável em toda a série,,"Modo profissionalizante de ensino correspondente às turmas de cursos técnicos de nível médio nas formas articuladas (integrada ou concomitante), ou subsequente ao ensino médio e de normal/magistério. Inclui as seguintes etapas de ensino: Ensino Médio articulado ao Itinerário Formativo Técnico Profissional - Curso Técnico, Ensino Médio Normal/Magistério, Curso Técnico Concomitante, Curso Técnico Subsequente,  Curso Técnico Integrado à EJA de Nível Médio, Itinerário Formativo Técnico Profissional Exclusivo - Curso Técnico (não articulado ao ensino médio regular)."
Matricula,QT_MAT_PROF_TEC_CONC,Número de Matrículas da Educação Profissional Técnica - Curso Técnico Concomitante,2007.0,2025.0,Coleta contínua 2007-2025,,Potencialmente comparável em toda a série,,
Matricula,QT_MAT_PROF_TEC_SUBS,Número de Matrículas da Educação Profissional Técnica - Curso Técnico Subsequente,2007.0,2025.0,Coleta contínua 2007-2025,,Potencialmente comparável em toda a série,,
Matricula,QT_MAT_PROF_TEC_IFTP_CT,Número de Matrículas da Educação Profissional Técnica - Itinerário Formativo Técnico Profissional (IFTP) Exclusivo - Curso Técnico (não articulado ao ensino médio regular),2025.0,2025.0,Coleta iniciada em 2025,"2007, 2008, 2009, 2010, 2011, 2012, 2013, 2014, 2015, 2016, 2017, 2018, 2019, 2020, 2021, 2022, 2023, 2024",Comparável apenas no período de coleta,,
Matricula,QT_MAT_PROF_NAO_TEC,Número de Matrículas da Educação Profissional Não-Técnica,2007.0,2025.0,Coleta contínua 2007-2025,,Potencialmente comparável em toda a série,,"A Educação Profissional Não-Técnica inclui matrículas nas seguintes etapas de ensino: Curso FIC Concomitante, Curso FIC Integrado à EJA de Nível Fundamental, Curso FIC Integrado à EJA de Nível Médio, Ensino Médio articulado ao Itinerário Formativo Técnico Profissional - Qualificação Profissional e Itinerário Formativo Técnico Profissional Exclusivo - Qualificação Profissional (não articulado ao ensino médio regular)."
Matricula,QT_MAT_PROF_IFTP_QP,Número de Matrículas da Educação Profissional - Itinerário Formativo Técnico Profissional (IFTP) Exclusivo - Qualificação Profissional (não articulado ao ensino médio regular),2025.0,2025.0,Coleta iniciada em 2025,"2007, 2008, 2009, 2010, 2011, 2012, 2013, 2014, 2015, 2016, 2017, 2018, 2019, 2020, 2021, 2022, 2023, 2024",Comparável apenas no período de coleta,Educação Profissional Não-Técnica,
Matricula,QT_MAT_PROF_FIC_CONC,Número de Matrículas da Educação Profissional - Curso FIC Concomitante,2015.0,2025.0,Coleta iniciada em 2015,"2007, 2008, 2009, 2010, 2011, 2012, 2013, 2014",Comparável apenas no período de coleta,Educação Profissional Não-Técnica,
Matricula,QT_MAT_EJA,Número de Matrículas da Educação de Jovens e Adultos (EJA),2007.0,2025.0,Coleta contínua 2007-2025,,Potencialmente comparável em toda a série,,
Matricula,QT_MAT_EJA_FUND,Número de Matrículas da Educação de Jovens e Adultos (EJA) - Ensino Fundamental,2007.0,2025.0,Coleta contínua 2007-2025,,Potencialmente comparável em toda a série,,
Matricula,QT_MAT_EJA_FUND_NPROF,Número de Matrículas da Educação de Jovens e Adultos (EJA) - Ensino Fundamental - Sem componente profissionalizante,2007.0,2025.0,Coleta contínua 2007-2025,,Potencialmente comparável em toda a série,,Não inclui as matrículas do Curso FIC Integrado na Modalidade EJA de Nível Fundamental
Matricula,QT_MAT_EJA_FUND_AI,Número de Matrículas da Educação de Jovens e Adultos (EJA) - Ensino Fundamental - Anos Iniciais,2007.0,2025.0,Coleta contínua 2007-2025,,Potencialmente comparável em toda a série,,
Matricula,QT_MAT_EJA_FUND_AF,Número de Matrículas da Educação de Jovens e Adultos (EJA) - Ensino Fundamental - Anos Finais,2007.0,2025.0,Coleta contínua 2007-2025,,Potencialmente comparável em toda a série,,
Matricula,QT_MAT_EJA_FUND_PJ,Número de Matrículas da Educação de Jovens e Adultos (EJA) - Ensino Fundamental - Projovem Urbano,2012.0,2018.0,Coleta contínua de 2012 a 2018,"2007, 2008, 2009, 2010, 2011, 2019, 2020, 2021, 2022, 2023, 2024, 2025",Comparável apenas no período de coleta,,
Matricula,QT_MAT_EJA_FUND_AIAF,Número de Matrículas da Educação de Jovens e Adultos (EJA) - Ensino Fundamental - Anos Iniciais e Anos Finais,2007.0,2007.0,Descontinuada após 2007,"2008, 2009, 2010, 2011, 2012, 2013, 2014, 2015, 2016, 2017, 2018, 2019, 2020, 2021, 2022, 2023, 2024, 2025",Comparável apenas no período de coleta,,"Categoria de etapa de ensino existente na base de matrículas apenas em 2007. De 2008 a 2015 os alunos de turmas da EJA Anos iniciais e Anos finais, foram registrados separadamente como EJA anos iniciais ou EJA anos finais do Ensino Fundamental."
Matricula,QT_MAT_EJA_FUND_FIC,Número de Matrículas da Educação de Jovens e Adultos (EJA) - Ensino Fundamental - Curso FIC Integrado na Modalidade EJA de Nível Fundamental,2008.0,2025.0,Coleta iniciada em 2008,2007,Comparável apenas no período de coleta,Educação Profissional Não-Técnica,
Matricula,QT_MAT_EJA_MED,"Número de Matrículas da Educação de Jovens e Adultos (EJA) - Ensino Médio 
",2007.0,2025.0,Coleta contínua 2007-2025,,Potencialmente comparável em toda a série,,"Inclui as matrículas da EJA - Ensino Médio, EJA - Ensino Médio - Curso FIC Integrado na Modalidade EJA de Nível Médio, e EJA - Ensino Médio - Curso Técnico Integrado na Modalidade EJA de Nível Médio"
Matricula,QT_MAT_EJA_MED_NPROF,Número de Matrículas da Educação de Jovens e Adultos (EJA) - Ensino Médio - Sem componente profissionalizante,2007.0,2025.0,Coleta contínua 2007-2025,,Potencialmente comparável em toda a série,,Não inclui as matrículas do Curso FIC Integrado na Modalidade EJA de Nível Médio e do Curso Técnico Integrado na Modalidade EJA de Nível Médio
Matricula,QT_MAT_EJA_MED_FIC,Número de Matrículas da Educação de Jovens e Adultos (EJA) - Ensino Médio - Curso FIC Integrado na Modalidade EJA de Nível Médio,2015.0,2025.0,Coleta iniciada em 2015,"2007, 2008, 2009, 2010, 2011, 2012, 2013, 2014",Comparável apenas no período de coleta,Educação Profissional Não-Técnica,
Matricula,QT_MAT_EJA_MED_TEC,Número de Matrículas da Educação de Jovens e Adultos (EJA) - Ensino Médio - Curso Técnico Integrado na Modalidade EJA de Nível Médio,2008.0,2025.0,Coleta iniciada em 2008,2007,Comparável apenas no período de coleta,Deve ser considerada também como uma etapa Profissional Técnica,
Matricula,QT_MAT_ESP,Número de Matrículas da Educação Especial,2007.0,2025.0,Coleta contínua 2007-2025,,Potencialmente comparável em toda a série,,"Número de matrículas de alunos com alguma deficiência, transtorno do espectro autista ou altas habilidades/superdotação."
Matricula,QT_MAT_ESP_INF,Número de Matrículas da Educação Especial - Educação Infantil,2007.0,2025.0,Coleta contínua 2007-2025,,Potencialmente comparável em toda a série,,
Matricula,QT_MAT_ESP_INF_CRE,Número de Matrículas da Educação Especial - Educação Infantil - Creche,2007.0,2025.0,Coleta contínua 2007-2025,,Potencialmente comparável em toda a série,,
Matricula,QT_MAT_ESP_INF_PRE,Número de Matrículas da Educação Especial - Educação Infantil - Pré-Escola,2007.0,2025.0,Coleta contínua 2007-2025,,Potencialmente comparável em toda a série,,
Matricula,QT_MAT_ESP_FUND,Número de Matrículas da Educação Especial - Ensino Fundamental,2007.0,2025.0,Coleta contínua 2007-2025,,Potencialmente comparável em toda a série,,
Matricula,QT_MAT_ESP_FUND_AI,Número de Matrículas da Educação Especial - Ensino Fundamental - Anos Iniciais,2007.0,2025.0,Coleta contínua 2007-2025,,Potencialmente comparável em toda a série,,
Matricula,QT_MAT_ESP_FUND_AF,Número de Matrículas da Educação Especial - Ensino Fundamental - Anos Finais,2007.0,2025.0,Coleta contínua 2007-2025,,Potencialmente comparável em toda a série,,
Matricula,QT_MAT_ESP_MED,Número de Matrículas da Educação Especial - Ensino Médio,2007.0,2025.0,Coleta contínua 2007-2025,,Potencialmente comparável em toda a série,,
Matricula,QT_MAT_ESP_PROF,Número de Matrículas da Educação Especial - Educação Profissional,2007.0,2025.0,Coleta contínua 2007-2025,,Potencialmente comparável em toda a série,,
Matricula,QT_MAT_ESP_PROF_TEC,Número de Matrículas da Educação Especial - Educação Profissional Técnica,2007.0,2025.0,Coleta contínua 2007-2025,,Potencialmente comparável em toda a série,,
Matricula,QT_MAT_ESP_EJA,Número de Matrículas da Educação Especial - Educação de Jovens e Adultos (EJA),2007.0,2025.0,Coleta contínua 2007-2025,,Potencialmente comparável em toda a série,,
Matricula,QT_MAT_ESP_EJA_FUND,Número de Matrículas da Educação Especial - Educação de Jovens e Adultos (EJA) - Ensino Fundamental,2007.0,2025.0,Coleta contínua 2007-2025,,Potencialmente comparável em toda a série,,
Matricula,QT_MAT_ESP_EJA_MED,Número de Matrículas da Educação Especial - Educação de Jovens e Adultos (EJA) - Ensino Médio,2007.0,2025.0,Coleta contínua 2007-2025,,Potencialmente comparável em toda a série,,
Matricula,QT_MAT_ESP_CC,Número de Matrículas da Educação Especial em Classes Comuns,2007.0,2025.0,Coleta contínua 2007-2025,,Potencialmente comparável em toda a série,,"Número de matrículas de alunos com alguma deficiência, transtorno do espectro autista ou altas habilidades/superdotação em Classes Comuns do Ensino Regular e/ou Educação de Jovens Adultos (EJA)."
Matricula,QT_MAT_ESP_CC_INF,Número de Matrículas da Educação Especial em Classes Comuns - Educação Infantil,2007.0,2025.0,Coleta contínua 2007-2025,,Potencialmente comparável em toda a série,,
Matricula,QT_MAT_ESP_CC_INF_CRE,Número de Matrículas da Educação Especial em Classes Comuns - Educação Infantil - Creche,2007.0,2025.0,Coleta contínua 2007-2025,,Potencialmente comparável em toda a série,,
Matricula,QT_MAT_ESP_CC_INF_PRE,Número de Matrículas da Educação Especial em Classes Comuns - Educação Infantil - Pré-Escola,2007.0,2025.0,Coleta contínua 2007-2025,,Potencialmente comparável em toda a série,,
Matricula,QT_MAT_ESP_CC_FUND,Número de Matrículas da Educação Especial em Classes Comuns - Ensino Fundamental,2007.0,2025.0,Coleta contínua 2007-2025,,Potencialmente comparável em toda a série,,
Matricula,QT_MAT_ESP_CC_FUND_AI,Número de Matrículas da Educação Especial em Classes Comuns - Ensino Fundamental - Anos Iniciais,2007.0,2025.0,Coleta contínua 2007-2025,,Potencialmente comparável em toda a série,,
Matricula,QT_MAT_ESP_CC_FUND_AF,Número de Matrículas da Educação Especial em Classes Comuns - Ensino Fundamental - Anos Finais,2007.0,2025.0,Coleta contínua 2007-2025,,Potencialmente comparável em toda a série,,
Matricula,QT_MAT_ESP_CC_MED,Número de Matrículas da Educação Especial em Classes Comuns - Ensino Médio,2007.0,2025.0,Coleta contínua 2007-2025,,Potencialmente comparável em toda a série,,
Matricula,QT_MAT_ESP_CC_PROF,Número de Matrículas da Educação Especial em Classes Comuns - Educação Profissional,2007.0,2025.0,Coleta contínua 2007-2025,,Potencialmente comparável em toda a série,,
Matricula,QT_MAT_ESP_CC_PROF_TEC,Número de Matrículas da Educação Especial em Classes Comuns - Educação Profissional Técnica,2007.0,2025.0,Coleta contínua 2007-2025,,Potencialmente comparável em toda a série,,
Matricula,QT_MAT_ESP_CC_EJA,Número de Matrículas da Educação Especial em Classes Comuns - Educação de Jovens e Adultos (EJA),2007.0,2025.0,Coleta contínua 2007-2025,,Potencialmente comparável em toda a série,,
Matricula,QT_MAT_ESP_CC_EJA_FUND,Número de Matrículas da Educação Especial em Classes Comuns - Educação de Jovens e Adultos (EJA) - Ensino Fundamental,2007.0,2025.0,Coleta contínua 2007-2025,,Potencialmente comparável em toda a série,,
Matricula,QT_MAT_ESP_CC_EJA_MED,Número de Matrículas da Educação Especial em Classes Comuns - Educação de Jovens e Adultos (EJA) - Ensino Médio,2007.0,2025.0,Coleta contínua 2007-2025,,Potencialmente comparável em toda a série,,
Matricula,QT_MAT_ESP_CE,Número de Matrículas da Educação Especial em Classes Exclusivas,2007.0,2025.0,Coleta contínua 2007-2025,,Potencialmente comparável em toda a série,,"Número de matrículas de alunos com alguma deficiência, transtorno do espectro autista ou altas habilidades/superdotação em Classes Exclusivas (Escolas exclusivamente especializadas e/ou em classes especiais do Ensino Regular e/ou Educação de Jovens e Adultos (EJA))"
Matricula,QT_MAT_ESP_CE_INF,Número de Matrículas da Educação Especial em Classes Exclusivas - Educação Infantil,2007.0,2025.0,Coleta contínua 2007-2025,,Potencialmente comparável em toda a série,,
Matricula,QT_MAT_ESP_CE_INF_CRE,Número de Matrículas da Educação Especial em Classes Exclusivas - Educação Infantil - Creche,2007.0,2025.0,Coleta contínua 2007-2025,,Potencialmente comparável em toda a série,,
Matricula,QT_MAT_ESP_CE_INF_PRE,Número de Matrículas da Educação Especial em Classes Exclusivas - Educação Infantil - Pré-Escola,2007.0,2025.0,Coleta contínua 2007-2025,,Potencialmente comparável em toda a série,,
Matricula,QT_MAT_ESP_CE_FUND,Número de Matrículas da Educação Especial em Classes Exclusivas - Ensino Fundamental,2007.0,2025.0,Coleta contínua 2007-2025,,Potencialmente comparável em toda a série,,
Matricula,QT_MAT_ESP_CE_FUND_AI,Número de Matrículas da Educação Especial em Classes Exclusivas - Ensino Fundamental - Anos Iniciais,2007.0,2025.0,Coleta contínua 2007-2025,,Potencialmente comparável em toda a série,,
Matricula,QT_MAT_ESP_CE_FUND_AF,Número de Matrículas da Educação Especial em Classes Exclusivas - Ensino Fundamental - Anos Finais,2007.0,2025.0,Coleta contínua 2007-2025,,Potencialmente comparável em toda a série,,
Matricula,QT_MAT_ESP_CE_MED,Número de Matrículas da Educação Especial em Classes Exclusivas - Ensino Médio,2007.0,2025.0,Coleta contínua 2007-2025,,Potencialmente comparável em toda a série,,
Matricula,QT_MAT_ESP_CE_PROF,Número de Matrículas da Educação Especial em Classes Exclusivas - Educação Profissional,2007.0,2025.0,Coleta contínua 2007-2025,,Potencialmente comparável em toda a série,,
Matricula,QT_MAT_ESP_CE_PROF_TEC,Número de Matrículas da Educação Especial em Classes Exclusivas - Educação Profissional Técnica,2007.0,2025.0,Coleta contínua 2007-2025,,Potencialmente comparável em toda a série,,
Matricula,QT_MAT_ESP_CE_EJA,Número de Matrículas da Educação Especial em Classes Exclusivas - Educação de Jovens e Adultos (EJA),2007.0,2025.0,Coleta contínua 2007-2025,,Potencialmente comparável em toda a série,,
Matricula,QT_MAT_ESP_CE_EJA_FUND,Número de Matrículas da Educação Especial em Classes Exclusivas - Educação de Jovens e Adultos (EJA) - Ensino Fundamental,2007.0,2025.0,Coleta contínua 2007-2025,,Potencialmente comparável em toda a série,,
Matricula,QT_MAT_ESP_CE_EJA_MED,Número de Matrículas da Educação Especial em Classes Exclusivas - Educação de Jovens e Adultos (EJA) - Ensino Médio,2007.0,2025.0,Coleta contínua 2007-2025,,Potencialmente comparável em toda a série,,
Matricula,QT_MAT_BAS_FEM,Número de Matrículas da Educação Básica - Feminino,2007.0,2025.0,Coleta contínua 2007-2025,,Potencialmente comparável em toda a série,,
Matricula,QT_MAT_BAS_MASC,Número de Matrículas da Educação Básica - Masculino,2007.0,2025.0,Coleta contínua 2007-2025,,Potencialmente comparável em toda a série,,
Matricula,QT_MAT_BAS_ND,Número de Matrículas da Educação Básica - Cor/Raça Não Declarada,2007.0,2025.0,Coleta contínua 2007-2025,,Potencialmente comparável em toda a série,,
Matricula,QT_MAT_BAS_BRANCA,Número de Matrículas da Educação Básica - Cor/Raça Branca,2007.0,2025.0,Coleta contínua 2007-2025,,Potencialmente comparável em toda a série,,
Matricula,QT_MAT_BAS_PRETA,Número de Matrículas da Educação Básica - Cor/Raça Preta,2007.0,2025.0,Coleta contínua 2007-2025,,Potencialmente comparável em toda a série,,
Matricula,QT_MAT_BAS_PARDA,Número de Matrículas da Educação Básica - Cor/Raça Parda,2007.0,2025.0,Coleta contínua 2007-2025,,Potencialmente comparável em toda a série,,
Matricula,QT_MAT_BAS_AMARELA,Número de Matrículas da Educação Básica - Cor/Raça Amarela,2007.0,2025.0,Coleta contínua 2007-2025,,Potencialmente comparável em toda a série,,
Matricula,QT_MAT_BAS_INDIGENA,Número de Matrículas da Educação Básica - Cor/Raça Indígena,2007.0,2025.0,Coleta contínua 2007-2025,,Potencialmente comparável em toda a série,,
Matricula,QT_MAT_BAS_0_3,Número de Matrículas da Educação Básica - Até 3 anos de idade na data de referência do Censo Escolar (última quarta-feira do mês de maio de 2025),2007.0,2025.0,Coleta contínua 2007-2025,,Potencialmente comparável em toda a série,,Faixa etária calculada com base na idade do aluno na data de referência do Censo Escolar (última quarta-feira do mês de maio)
Matricula,QT_MAT_BAS_4_5,Número de Matrículas da Educação Básica - Entre 4 e 5 anos de idade na data de referência do Censo Escolar (última quarta-feira do mês de maio de 2025),2007.0,2025.0,Coleta contínua 2007-2025,,Potencialmente comparável em toda a série,,
Matricula,QT_MAT_BAS_6_10,Número de Matrículas da Educação Básica - Entre 6 e 10 anos de idade na data de referência do Censo Escolar (última quarta-feira do mês de maio de 2025),2007.0,2025.0,Coleta contínua 2007-2025,,Potencialmente comparável em toda a série,,
Matricula,QT_MAT_BAS_11_14,Número de Matrículas da Educação Básica - Entre 11 e 14 anos de idade na data de referência do Censo Escolar (última quarta-feira do mês de maio de 2025),2007.0,2025.0,Coleta contínua 2007-2025,,Potencialmente comparável em toda a série,,
Matricula,QT_MAT_BAS_15_17,Número de Matrículas da Educação Básica - Entre 15 e 17 anos de idade na data de referência do Censo Escolar (última quarta-feira do mês de maio de 2025),2007.0,2025.0,Coleta contínua 2007-2025,,Potencialmente comparável em toda a série,,
Matricula,QT_MAT_BAS_18_MAIS,Número de Matrículas da Educação Básica - Com 18 ou mais anos de idade na data de referência do Censo Escolar (última quarta-feira do mês de maio de 2025),2007.0,2025.0,Coleta contínua 2007-2025,,Potencialmente comparável em toda a série,,
Matricula,QT_MAT_BAS_0_3_REF_31_03,Número de Matrículas da Educação Básica - Até 3 anos de idade na data de referência (31 de março de 2025),2007.0,2025.0,Coleta contínua 2007-2025,,Potencialmente comparável em toda a série,,"Faixa etária calculada com base na idade do aluno na data de referência fixada pelo Conselho Nacional de Educação, correspondente a 31 de março, em conformidade com a Resolução CNE/CEB nº 05/2009"
Matricula,QT_MAT_BAS_4_5_REF_31_03,Número de Matrículas da Educação Básica - Entre 4 e 5 anos de idade na data de referência (31 de março de 2025),2007.0,2025.0,Coleta contínua 2007-2025,,Potencialmente comparável em toda a série,,
Matricula,QT_MAT_BAS_6_10_REF_31_03,Número de Matrículas da Educação Básica - Entre 6 e 10 anos de idade na data de referência (31 de março de 2025),2007.0,2025.0,Coleta contínua 2007-2025,,Potencialmente comparável em toda a série,,
Matricula,QT_MAT_BAS_11_14_REF_31_03,Número de Matrículas da Educação Básica - Entre 11 e 14 anos de idade na data de referência (31 de março de 2025),2007.0,2025.0,Coleta contínua 2007-2025,,Potencialmente comparável em toda a série,,
Matricula,QT_MAT_BAS_15_17_REF_31_03,Número de Matrículas da Educação Básica - Entre 15 e 17 anos de idade na data de referência (31 de março de 2025),2007.0,2025.0,Coleta contínua 2007-2025,,Potencialmente comparável em toda a série,,
Matricula,QT_MAT_BAS_18_MAIS_REF_31_03,Número de Matrículas da Educação Básica - Com 18 ou mais anos de idade na data de referência do Censo Escolar (última quarta-feira do mês de maio de 2025),2007.0,2025.0,Coleta contínua 2007-2025,,Potencialmente comparável em toda a série,,
Matricula,QT_MAT_BAS_D,Número de Matrículas da Educação Básica - Turno Diurno,2007.0,2025.0,Coleta contínua 2007-2025,,Potencialmente comparável em toda a série,,Diurno - Quando a maior parte das atividades da turma são realizadas no período entre 6h e 17:59h. 
Matricula,QT_MAT_BAS_DM,Número de Matrículas da Educação Básica - Turno Diurno - Matutino,2007.0,2025.0,Coleta contínua 2007-2025,,Potencialmente comparável em toda a série,,Diurno Matutino - Quando a maior parte das atividades da turma são realizadas no período entre 6h e 11:59h. 
Matricula,QT_MAT_BAS_DV,Número de Matrículas da Educação Básica - Turno Diurno - Vespertino,2007.0,2025.0,Coleta contínua 2007-2025,,Potencialmente comparável em toda a série,,Diurno Vespertino - Quando a maior parte das atividades da turma são realizadas no período entre 12h e 17:59h. 
Matricula,QT_MAT_BAS_N,Número de Matrículas da Educação Básica - Turno Noturno,2007.0,2025.0,Coleta contínua 2007-2025,,Potencialmente comparável em toda a série,,Noturno - quando a maior parte das atividades da turma são realizadas entre 18h e 5:59h.
Matricula,QT_MAT_BAS_EAD,Número de Matrículas da Educação Básica - Turno não aplicável  para turmas semipresenciais ou de Educação a Distância (EAD),2007.0,2025.0,Coleta contínua 2007-2025,,Potencialmente comparável em toda a série,,
Matricula,QT_MAT_INF_CRE_D,Número de Matrículas da Educação Infantil - Creche - Turno Diurno,2007.0,2025.0,Coleta contínua 2007-2025,,Potencialmente comparável em toda a série,,Diurno - Quando a maior parte das atividades da turma são realizadas no período entre 6h e 17:59h. 
Matricula,QT_MAT_INF_CRE_DM,Número de Matrículas da Educação Infantil - Creche - Turno Diurno - Matutino,2007.0,2025.0,Coleta contínua 2007-2025,,Potencialmente comparável em toda a série,,Diurno Matutino - Quando a maior parte das atividades da turma são realizadas no período entre 6h e 11:59h. 
Matricula,QT_MAT_INF_CRE_DV,Número de Matrículas da Educação Infantil - Creche - Turno Diurno - Vespertino,2007.0,2025.0,Coleta contínua 2007-2025,,Potencialmente comparável em toda a série,,Diurno Vespertino - Quando a maior parte das atividades da turma são realizadas no período entre 12h e 17:59h. 
Matricula,QT_MAT_INF_CRE_N,Número de Matrículas da Educação Infantil - Creche - Turno Noturno,2007.0,2025.0,Coleta contínua 2007-2025,,Potencialmente comparável em toda a série,,Noturno - quando a maior parte das atividades da turma são realizadas entre 18h e 5:59h.
Matricula,QT_MAT_INF_PRE_D,Número de Matrículas da Educação Infantil - Pré-Escola - Turno Diurno,2007.0,2025.0,Coleta contínua 2007-2025,,Potencialmente comparável em toda a série,,Diurno - Quando a maior parte das atividades da turma são realizadas no período entre 6h e 17:59h. 
Matricula,QT_MAT_INF_PRE_DM,Número de Matrículas da Educação Infantil - Pré-Escola - Turno Diurno - Matutino,2007.0,2025.0,Coleta contínua 2007-2025,,Potencialmente comparável em toda a série,,Diurno Matutino - Quando a maior parte das atividades da turma são realizadas no período entre 6h e 11:59h. 
Matricula,QT_MAT_INF_PRE_DV,Número de Matrículas da Educação Infantil - Pré-Escola - Turno Diurno - Vespertino,2007.0,2025.0,Coleta contínua 2007-2025,,Potencialmente comparável em toda a série,,Diurno Vespertino - Quando a maior parte das atividades da turma são realizadas no período entre 12h e 17:59h. 
Matricula,QT_MAT_INF_PRE_N,Número de Matrículas da Educação Infantil - Pré-Escola - Turno Noturno,2007.0,2025.0,Coleta contínua 2007-2025,,Potencialmente comparável em toda a série,,Noturno - quando a maior parte das atividades da turma são realizadas entre 18h e 5:59h.
Matricula,QT_MAT_FUND_D,Número de Matrículas do Ensino Fundamental - Turno Diurno,2007.0,2025.0,Coleta contínua 2007-2025,,Potencialmente comparável em toda a série,,Diurno - Quando a maior parte das atividades da turma são realizadas no período entre 6h e 17:59h. 
Matricula,QT_MAT_FUND_DM,Número de Matrículas do Ensino Fundamental - Turno Diurno - Matutino,2007.0,2025.0,Coleta contínua 2007-2025,,Potencialmente comparável em toda a série,,Diurno Matutino - Quando a maior parte das atividades da turma são realizadas no período entre 6h e 11:59h. 
Matricula,QT_MAT_FUND_DV,Número de Matrículas do Ensino Fundamental - Turno Diurno - Vespertino,2007.0,2025.0,Coleta contínua 2007-2025,,Potencialmente comparável em toda a série,,Diurno Vespertino - Quando a maior parte das atividades da turma são realizadas no período entre 12h e 17:59h. 
Matricula,QT_MAT_FUND_N,Número de Matrículas do Ensino Fundamental - Turno Noturno,2007.0,2025.0,Coleta contínua 2007-2025,,Potencialmente comparável em toda a série,,Noturno - quando a maior parte das atividades da turma são realizadas entre 18h e 5:59h.
Matricula,QT_MAT_FUND_AI_D,Número de Matrículas do Ensino Fundamental - Anos Iniciais - Turno Diurno,2007.0,2025.0,Coleta contínua 2007-2025,,Potencialmente comparável em toda a série,,Diurno - Quando a maior parte das atividades da turma são realizadas no período entre 6h e 17:59h. 
Matricula,QT_MAT_FUND_AI_DM,Número de Matrículas do Ensino Fundamental - Anos Iniciais - Turno Diurno - Matutino,2007.0,2025.0,Coleta contínua 2007-2025,,Potencialmente comparável em toda a série,,Diurno Matutino - Quando a maior parte das atividades da turma são realizadas no período entre 6h e 11:59h. 
Matricula,QT_MAT_FUND_AI_DV,Número de Matrículas do Ensino Fundamental - Anos Iniciais - Turno Diurno - Vespertino,2007.0,2025.0,Coleta contínua 2007-2025,,Potencialmente comparável em toda a série,,Diurno Vespertino - Quando a maior parte das atividades da turma são realizadas no período entre 12h e 17:59h. 
Matricula,QT_MAT_FUND_AI_N,Número de Matrículas do Ensino Fundamental - Anos Iniciais - Turno Noturno,2007.0,2025.0,Coleta contínua 2007-2025,,Potencialmente comparável em toda a série,,Noturno - quando a maior parte das atividades da turma são realizadas entre 18h e 5:59h.
Matricula,QT_MAT_FUND_AF_D,Número de Matrículas do Ensino Fundamental - Anos Finais - Turno Diurno,2007.0,2025.0,Coleta contínua 2007-2025,,Potencialmente comparável em toda a série,,Diurno - Quando a maior parte das atividades da turma são realizadas no período entre 6h e 17:59h. 
Matricula,QT_MAT_FUND_AF_DM,Número de Matrículas do Ensino Fundamental - Anos Finais - Turno Diurno - Matutino,2007.0,2025.0,Coleta contínua 2007-2025,,Potencialmente comparável em toda a série,,Diurno Matutino - Quando a maior parte das atividades da turma são realizadas no período entre 6h e 11:59h. 
Matricula,QT_MAT_FUND_AF_DV,Número de Matrículas do Ensino Fundamental - Anos Finais - Turno Diurno - Vespertino,2007.0,2025.0,Coleta contínua 2007-2025,,Potencialmente comparável em toda a série,,Diurno Vespertino - Quando a maior parte das atividades da turma são realizadas no período entre 12h e 17:59h. 
Matricula,QT_MAT_FUND_AF_N,Número de Matrículas do Ensino Fundamental - Anos Finais - Turno Noturno,2007.0,2025.0,Coleta contínua 2007-2025,,Potencialmente comparável em toda a série,,Noturno - quando a maior parte das atividades da turma são realizadas entre 18h e 5:59h.
Matricula,QT_MAT_MED_D,Número de Matrículas do Ensino Médio - Turno Diurno,2007.0,2025.0,Coleta contínua 2007-2025,,Potencialmente comparável em toda a série,,Diurno - Quando a maior parte das atividades da turma são realizadas no período entre 6h e 17:59h. 
Matricula,QT_MAT_MED_DM,Número de Matrículas do Ensino Médio - Turno Diurno - Matutino,2007.0,2025.0,Coleta contínua 2007-2025,,Potencialmente comparável em toda a série,,Diurno Matutino - Quando a maior parte das atividades da turma são realizadas no período entre 6h e 11:59h. 
Matricula,QT_MAT_MED_DV,Número de Matrículas do Ensino Médio - Turno Diurno - Vespertino,2007.0,2025.0,Coleta contínua 2007-2025,,Potencialmente comparável em toda a série,,Diurno Vespertino - Quando a maior parte das atividades da turma são realizadas no período entre 12h e 17:59h. 
Matricula,QT_MAT_MED_N,Número de Matrículas do Ensino Médio - Turno Noturno,2007.0,2025.0,Coleta contínua 2007-2025,,Potencialmente comparável em toda a série,,Noturno - quando a maior parte das atividades da turma são realizadas entre 18h e 5:59h.
Matricula,QT_MAT_MED_EAD,Número de Matrículas do Ensino Médio - Turno não aplicável  para turmas semipresenciais ou de Educação a Distância (EAD),2007.0,2025.0,Coleta contínua 2007-2025,,Potencialmente comparável em toda a série,,
Matricula,QT_MAT_PROF_D,Número de Matrículas da Educação Profissional - Turno Diurno,2007.0,2025.0,Coleta contínua 2007-2025,,Potencialmente comparável em toda a série,,Diurno - Quando a maior parte das atividades da turma são realizadas no período entre 6h e 17:59h. 
Matricula,QT_MAT_PROF_DM,Número de Matrículas da Educação Profissional - Turno Diurno - Matutino,2007.0,2025.0,Coleta contínua 2007-2025,,Potencialmente comparável em toda a série,,Diurno Matutino - Quando a maior parte das atividades da turma são realizadas no período entre 6h e 11:59h. 
Matricula,QT_MAT_PROF_DV,Número de Matrículas da Educação Profissional - Turno Diurno - Vespertino,2007.0,2025.0,Coleta contínua 2007-2025,,Potencialmente comparável em toda a série,,Diurno Vespertino - Quando a maior parte das atividades da turma são realizadas no período entre 12h e 17:59h. 
Matricula,QT_MAT_PROF_N,Número de Matrículas da Educação Profissional - Turno Noturno,2007.0,2025.0,Coleta contínua 2007-2025,,Potencialmente comparável em toda a série,,Noturno - quando a maior parte das atividades da turma são realizadas entre 18h e 5:59h.
Matricula,QT_MAT_PROF_EAD,Número de Matrículas da Educação Profissional - Turno não aplicável  para turmas semipresenciais ou de Educação a Distância (EAD),2007.0,2025.0,Coleta contínua 2007-2025,,Potencialmente comparável em toda a série,,
Matricula,QT_MAT_PROF_TEC_D,Número de Matrículas da Educação Profissional Técnica - Turno Diurno,2007.0,2025.0,Coleta contínua 2007-2025,,Potencialmente comparável em toda a série,,Diurno - Quando a maior parte das atividades da turma são realizadas no período entre 6h e 17:59h. 
Matricula,QT_MAT_PROF_TEC_DM,Número de Matrículas da Educação Profissional Técnica - Turno Diurno - Matutino,2007.0,2025.0,Coleta contínua 2007-2025,,Potencialmente comparável em toda a série,,Diurno Matutino - Quando a maior parte das atividades da turma são realizadas no período entre 6h e 11:59h. 
Matricula,QT_MAT_PROF_TEC_DV,Número de Matrículas da Educação Profissional Técnica - Turno Diurno - Vespertino,2007.0,2025.0,Coleta contínua 2007-2025,,Potencialmente comparável em toda a série,,Diurno Vespertino - Quando a maior parte das atividades da turma são realizadas no período entre 12h e 17:59h. 
Matricula,QT_MAT_PROF_TEC_N,Número de Matrículas da Educação Profissional Técnica - Turno Noturno,2007.0,2025.0,Coleta contínua 2007-2025,,Potencialmente comparável em toda a série,,Noturno - quando a maior parte das atividades da turma são realizadas entre 18h e 5:59h.
Matricula,QT_MAT_PROF_TEC_EAD,Número de Matrículas da Educação Profissional Técnica - Turno não aplicável  para turmas semipresenciais ou de Educação a Distância (EAD),2007.0,2025.0,Coleta contínua 2007-2025,,Potencialmente comparável em toda a série,,
Matricula,QT_MAT_EJA_D,Número de Matrículas da Educação de Jovens e Adultos (EJA) - Turno Diurno,2007.0,2025.0,Coleta contínua 2007-2025,,Potencialmente comparável em toda a série,,Diurno - Quando a maior parte das atividades da turma são realizadas no período entre 6h e 17:59h. 
Matricula,QT_MAT_EJA_DM,Número de Matrículas da Educação de Jovens e Adultos (EJA) - Turno Diurno - Matutino,2007.0,2025.0,Coleta contínua 2007-2025,,Potencialmente comparável em toda a série,,Diurno Matutino - Quando a maior parte das atividades da turma são realizadas no período entre 6h e 11:59h. 
Matricula,QT_MAT_EJA_DV,Número de Matrículas da Educação de Jovens e Adultos (EJA) - Turno Diurno - Vespertino,2007.0,2025.0,Coleta contínua 2007-2025,,Potencialmente comparável em toda a série,,Diurno Vespertino - Quando a maior parte das atividades da turma são realizadas no período entre 12h e 17:59h. 
Matricula,QT_MAT_EJA_N,Número de Matrículas da Educação de Jovens e Adultos (EJA) - Turno Noturno,2007.0,2025.0,Coleta contínua 2007-2025,,Potencialmente comparável em toda a série,,Noturno - quando a maior parte das atividades da turma são realizadas entre 18h e 5:59h.
Matricula,QT_MAT_EJA_EAD,Número de Matrículas da Educação de Jovens e Adultos (EJA) - Turno não aplicável  para turmas semipresenciais ou de Educação a Distância (EAD),2007.0,2025.0,Coleta contínua 2007-2025,,Potencialmente comparável em toda a série,,
Matricula,QT_MAT_EJA_FUND_D,Número de Matrículas da Educação de Jovens e Adultos (EJA) - Ensino Fundamental - Turno Diurno,2007.0,2025.0,Coleta contínua 2007-2025,,Potencialmente comparável em toda a série,,Diurno - Quando a maior parte das atividades da turma são realizadas no período entre 6h e 17:59h. 
Matricula,QT_MAT_EJA_FUND_DM,Número de Matrículas da Educação de Jovens e Adultos (EJA) - Ensino Fundamental - Turno Diurno - Matutino,2007.0,2025.0,Coleta contínua 2007-2025,,Potencialmente comparável em toda a série,,Diurno Matutino - Quando a maior parte das atividades da turma são realizadas no período entre 6h e 11:59h. 
Matricula,QT_MAT_EJA_FUND_DV,Número de Matrículas da Educação de Jovens e Adultos (EJA) - Ensino Fundamental - Turno Diurno - Vespertino,2007.0,2025.0,Coleta contínua 2007-2025,,Potencialmente comparável em toda a série,,Diurno Vespertino - Quando a maior parte das atividades da turma são realizadas no período entre 12h e 17:59h. 
Matricula,QT_MAT_EJA_FUND_N,Número de Matrículas da Educação de Jovens e Adultos (EJA) - Ensino Fundamental - Turno Noturno,2007.0,2025.0,Coleta contínua 2007-2025,,Potencialmente comparável em toda a série,,Noturno - quando a maior parte das atividades da turma são realizadas entre 18h e 5:59h.
Matricula,QT_MAT_EJA_FUND_EAD,Número de Matrículas da Educação de Jovens e Adultos (EJA) - Ensino Fundamental - Turno não aplicável  para turmas semipresenciais ou de Educação a Distância (EAD),2007.0,2025.0,Coleta contínua 2007-2025,,Potencialmente comparável em toda a série,,
Matricula,QT_MAT_EJA_MED_D,Número de Matrículas da Educação de Jovens e Adultos (EJA) - Ensino Médio - Turno Diurno,2007.0,2025.0,Coleta contínua 2007-2025,,Potencialmente comparável em toda a série,,Diurno - Quando a maior parte das atividades da turma são realizadas no período entre 6h e 17:59h. 
Matricula,QT_MAT_EJA_MED_DM,Número de Matrículas da Educação de Jovens e Adultos (EJA) - Ensino Médio - Turno Diurno - Matutino,2007.0,2025.0,Coleta contínua 2007-2025,,Potencialmente comparável em toda a série,,Diurno Matutino - Quando a maior parte das atividades da turma são realizadas no período entre 6h e 11:59h. 
Matricula,QT_MAT_EJA_MED_DV,Número de Matrículas da Educação de Jovens e Adultos (EJA) - Ensino Médio - Turno Diurno - Vespertino,2007.0,2025.0,Coleta contínua 2007-2025,,Potencialmente comparável em toda a série,,Diurno Vespertino - Quando a maior parte das atividades da turma são realizadas no período entre 12h e 17:59h. 
Matricula,QT_MAT_EJA_MED_N,Número de Matrículas da Educação de Jovens e Adultos (EJA) - Ensino Médio - Turno Noturno,2007.0,2025.0,Coleta contínua 2007-2025,,Potencialmente comparável em toda a série,,Noturno - quando a maior parte das atividades da turma são realizadas entre 18h e 5:59h.
Matricula,QT_MAT_EJA_MED_EAD,Número de Matrículas da Educação de Jovens e Adultos (EJA) - Ensino Médio - Turno não aplicável  para turmas semipresenciais ou de Educação a Distância (EAD),2007.0,2025.0,Coleta contínua 2007-2025,,Potencialmente comparável em toda a série,,
Matricula,QT_MAT_ESP_D,Número de Matrículas da Educação Especial - Turno Diurno,2007.0,2025.0,Coleta contínua 2007-2025,,Potencialmente comparável em toda a série,,Diurno - Quando a maior parte das atividades da turma são realizadas no período entre 6h e 17:59h. 
Matricula,QT_MAT_ESP_DM,Número de Matrículas da Educação Especial - Turno Diurno - Matutino,2007.0,2025.0,Coleta contínua 2007-2025,,Potencialmente comparável em toda a série,,Diurno Matutino - Quando a maior parte das atividades da turma são realizadas no período entre 6h e 11:59h. 
Matricula,QT_MAT_ESP_DV,Número de Matrículas da Educação Especial - Turno Diurno - Vespertino,2007.0,2025.0,Coleta contínua 2007-2025,,Potencialmente comparável em toda a série,,Diurno Vespertino - Quando a maior parte das atividades da turma são realizadas no período entre 12h e 17:59h. 
Matricula,QT_MAT_ESP_N,Número de Matrículas da Educação Especial - Turno Noturno,2007.0,2025.0,Coleta contínua 2007-2025,,Potencialmente comparável em toda a série,,Noturno - quando a maior parte das atividades da turma são realizadas entre 18h e 5:59h.
Matricula,QT_MAT_ESP_EAD,Número de Matrículas da Educação Especial - Turno não aplicável  para turmas semipresenciais ou de Educação a Distância (EAD),2007.0,2025.0,Coleta contínua 2007-2025,,Potencialmente comparável em toda a série,,
Matricula,QT_MAT_ESP_CC_D,Número de Matrículas da Educação Especial em Classes Comuns - Turno Diurno,2007.0,2025.0,Coleta contínua 2007-2025,,Potencialmente comparável em toda a série,,Diurno - Quando a maior parte das atividades da turma são realizadas no período entre 6h e 17:59h. 
Matricula,QT_MAT_ESP_CC_DM,Número de Matrículas da Educação Especial em Classes Comuns - Turno Diurno - Matutino,2007.0,2025.0,Coleta contínua 2007-2025,,Potencialmente comparável em toda a série,,Diurno Matutino - Quando a maior parte das atividades da turma são realizadas no período entre 6h e 11:59h. 
Matricula,QT_MAT_ESP_CC_DV,Número de Matrículas da Educação Especial em Classes Comuns - Turno Diurno - Vespertino,2007.0,2025.0,Coleta contínua 2007-2025,,Potencialmente comparável em toda a série,,Diurno Vespertino - Quando a maior parte das atividades da turma são realizadas no período entre 12h e 17:59h. 
Matricula,QT_MAT_ESP_CC_N,Número de Matrículas da Educação Especial em Classes Comuns - Turno Noturno,2007.0,2025.0,Coleta contínua 2007-2025,,Potencialmente comparável em toda a série,,Noturno - quando a maior parte das atividades da turma são realizadas entre 18h e 5:59h.
Matricula,QT_MAT_ESP_CC_EAD,Número de Matrículas da Educação Especial em Classes Comuns - Turno não aplicável  para turmas semipresenciais ou de Educação a Distância (EAD),2007.0,2025.0,Coleta contínua 2007-2025,,Potencialmente comparável em toda a série,,
Matricula,QT_MAT_ESP_CE_D,Número de Matrículas da Educação Especial em Classes Exclusivas - Turno Diurno,2007.0,2025.0,Coleta contínua 2007-2025,,Potencialmente comparável em toda a série,,Diurno - Quando a maior parte das atividades da turma são realizadas no período entre 6h e 17:59h. 
Matricula,QT_MAT_ESP_CE_DM,Número de Matrículas da Educação Especial em Classes Exclusivas - Turno Diurno - Matutino,2007.0,2025.0,Coleta contínua 2007-2025,,Potencialmente comparável em toda a série,,Diurno Matutino - Quando a maior parte das atividades da turma são realizadas no período entre 6h e 11:59h. 
Matricula,QT_MAT_ESP_CE_DV,Número de Matrículas da Educação Especial em Classes Exclusivas - Turno Diurno - Vespertino,2007.0,2025.0,Coleta contínua 2007-2025,,Potencialmente comparável em toda a série,,Diurno Vespertino - Quando a maior parte das atividades da turma são realizadas no período entre 12h e 17:59h. 
Matricula,QT_MAT_ESP_CE_N,Número de Matrículas da Educação Especial em Classes Exclusivas - Turno Noturno,2007.0,2025.0,Coleta contínua 2007-2025,,Potencialmente comparável em toda a série,,Noturno - quando a maior parte das atividades da turma são realizadas entre 18h e 5:59h.
Matricula,QT_MAT_ESP_CE_EAD,Número de Matrículas da Educação Especial em Classes Exclusivas - Turno não aplicável  para turmas semipresenciais ou de Educação a Distância (EAD),2007.0,2025.0,Coleta contínua 2007-2025,,Potencialmente comparável em toda a série,,
Matricula,QT_MAT_BAS_INT,Número de Matrículas da Educação Básica - Tempo Integral,2007.0,2025.0,Coleta contínua 2007-2025,,Potencialmente comparável em toda a série,,
Matricula,QT_MAT_INF_INT,Número de Matrículas da Educação Infantil - Tempo Integral,2007.0,2025.0,Coleta contínua 2007-2025,,Potencialmente comparável em toda a série,,"Considera-se em tempo integral, o tempo de permanência semanal do aluno na turma de escolarização presencial (minutos/semana) maior ou igual a 35 horas semanais, e os que estão em turmas de escolarização presenciais com carga horária menor que 35 horas semanais, mas que somado ao tempo de permanência semanal em turmas de atividade complementar (mesma rede ou outra rede), de atendimento educacional especializado (mesma rede ou outra rede) e em turmas exclusivas de itinerário formativo  (mesma rede ou outra rede),  atinja as 35 horas ou mais."
Matricula,QT_MAT_INF_CRE_INT,Número de Matrículas da Educação Infantil - Creche - Tempo Integral,2007.0,2025.0,Coleta contínua 2007-2025,,Potencialmente comparável em toda a série,,
Matricula,QT_MAT_INF_PRE_INT,Número de Matrículas da Educação Infantil - Pré-Escola - Tempo Integral,2007.0,2025.0,Coleta contínua 2007-2025,,Potencialmente comparável em toda a série,,
Matricula,QT_MAT_FUND_INT,Número de Matrículas do Ensino Fundamental - Tempo Integral,2007.0,2025.0,Coleta contínua 2007-2025,,Potencialmente comparável em toda a série,,
Matricula,QT_MAT_FUND_AI_INT,Número de Matrículas do Ensino Fundamental - Anos Iniciais - Tempo Integral,2007.0,2025.0,Coleta contínua 2007-2025,,Potencialmente comparável em toda a série,,
Matricula,QT_MAT_FUND_AF_INT,Número de Matrículas do Ensino Fundamental - Anos Finais - Tempo Integral,2007.0,2025.0,Coleta contínua 2007-2025,,Potencialmente comparável em toda a série,,
Matricula,QT_MAT_MED_INT,Número de Matrículas do Ensino Médio - Tempo Integral,2007.0,2025.0,Coleta contínua 2007-2025,,Potencialmente comparável em toda a série,,
Matricula,QT_MAT_PROF_INT,Número de Matrículas da Educação Profissional - Tempo Integral,2007.0,2025.0,Coleta contínua 2007-2025,,Potencialmente comparável em toda a série,,
Matricula,QT_MAT_PROF_TEC_INT,Número de Matrículas da Educação Profissional Técnica - Tempo Integral,2007.0,2025.0,Coleta contínua 2007-2025,,Potencialmente comparável em toda a série,,
Matricula,QT_MAT_EJA_INT,Número de Matrículas da Educação de Jovens e Adultos (EJA) - Tempo Integral,2007.0,2025.0,Coleta contínua 2007-2025,,Potencialmente comparável em toda a série,,
Matricula,QT_MAT_EJA_FUND_INT,Número de Matrículas da Educação de Jovens e Adultos (EJA) - Ensino Fundamental - Tempo Integral,2007.0,2025.0,Coleta contínua 2007-2025,,Potencialmente comparável em toda a série,,
Matricula,QT_MAT_EJA_MED_INT,Número de Matrículas da Educação de Jovens e Adultos (EJA) - Ensino Médio - Tempo Integral,2007.0,2025.0,Coleta contínua 2007-2025,,Potencialmente comparável em toda a série,,
Matricula,QT_MAT_ESP_INT,Número de Matrículas da Educação Especial - Tempo Integral,2007.0,2025.0,Coleta contínua 2007-2025,,Potencialmente comparável em toda a série,,
Matricula,QT_MAT_ESP_CC_INT,Número de Matrículas da Educação Especial em Classes Comuns - Tempo Integral,2007.0,2025.0,Coleta contínua 2007-2025,,Potencialmente comparável em toda a série,,
Matricula,QT_MAT_ESP_CE_INT,Número de Matrículas da Educação Especial em Classes Exclusivas - Tempo Integral,2007.0,2025.0,Coleta contínua 2007-2025,,Potencialmente comparável em toda a série,,
Matricula,QT_MAT_BAS_LIBRAS,"Número de Matrículas da Educação Básica - Classe bilíngue de surdos tendo a Libras (Língua Brasileira de Sinais) como língua de instrução, ensino, comunicação e interação e a língua portuguesa escrita como segunda língua",2022.0,2025.0,Coleta iniciada em 2022,"2007, 2008, 2009, 2010, 2011, 2012, 2013, 2014, 2015, 2016, 2017, 2018, 2019, 2020, 2021",Comparável apenas no período de coleta,,
Matricula,QT_MAT_ZR_URB,Número de Matrículas da Educação Básica - Localização/Zona de residência do Aluno - Urbana,2007.0,2025.0,Coleta contínua 2007-2025,,Potencialmente comparável em toda a série,,
Matricula,QT_MAT_ZR_RUR,Número de Matrículas da Educação Básica - Localização/Zona de residência do Aluno - Rural,2007.0,2025.0,Coleta contínua 2007-2025,,Potencialmente comparável em toda a série,,
Matricula,QT_MAT_ZR_NA,Número de Matrículas da Educação Básica - Localização/Zona de residência do Aluno - Não aplicável para alunos residentes no exterior,2007.0,2025.0,Coleta contínua 2007-2025,,Potencialmente comparável em toda a série,,
Matricula,QT_TRANSP_PUBLICO,Número de Matrículas da Educação Básica de alunos que utilizam transporte escolar público,2007.0,2025.0,Coleta contínua 2007-2025,,Potencialmente comparável em toda a série,,
Matricula,QT_TRANSP_RESP_EST,Número de Matrículas da Educação Básica segundo o poder público responsável pelo transporte escolar - Estadual,2007.0,2025.0,Coleta contínua 2007-2025,,Potencialmente comparável em toda a série,,
Matricula,QT_TRANSP_RESP_MUN,Número de Matrículas da Educação Básica segundo o poder público responsável pelo transporte escolar - Municipal,2007.0,2025.0,Coleta contínua 2007-2025,,Potencialmente comparável em toda a série,,
Docente,NU_ANO_CENSO,Ano do Censo,2007.0,2025.0,Coleta contínua 2007-2025,,Potencialmente comparável em toda a série,,
Docente,NO_REGIAO,Nome da Região Geográfica,2007.0,2025.0,Coleta contínua 2007-2025,,Potencialmente comparável em toda a série,,
Docente,CO_REGIAO,Código da Região Geográfica,2007.0,2025.0,Coleta contínua 2007-2025,,Potencialmente comparável em toda a série,,
Docente,NO_UF,Nome da Unidade da Federação,2007.0,2025.0,Coleta contínua 2007-2025,,Potencialmente comparável em toda a série,,
Docente,SG_UF,Sigla da Unidade da Federação,2007.0,2025.0,Coleta contínua 2007-2025,,Potencialmente comparável em toda a série,,
Docente,CO_UF,Código da Unidade da Federação,2007.0,2025.0,Coleta contínua 2007-2025,,Potencialmente comparável em toda a série,,
Docente,NO_MUNICIPIO,Nome do Município,2007.0,2025.0,Coleta contínua 2007-2025,,Potencialmente comparável em toda a série,,
Docente,CO_MUNICIPIO,Código do Município,2007.0,2025.0,Coleta contínua 2007-2025,,Potencialmente comparável em toda a série,,
Docente,NO_REGIAO_GEOG_INTERM,Nome da Região Geográfica Intermediária,2019.0,2025.0,Coleta iniciada em 2019,"2007, 2008, 2009, 2010, 2011, 2012, 2013, 2014, 2015, 2016, 2017, 2018",Comparável apenas no período de coleta,,"A Fundação Instituto Brasileiro de Geografia e Estatísticas (IBGE), propôs em 2017 uma nova divisão geográfica regional do Brasil que corresponde às antigas Mesorregiões e Microrregiões. Assim, a partir de 2019, as regiões geográficas regionais são classificadas em Regiões Geográficas Intermediárias e Regiões Imediatas. No Censo Escolar, para fins de comparação ao longo dos anos, foram mantidas as variáveis de Mesorregiões e Microrregiões."
Docente,CO_REGIAO_GEOG_INTERM,Código da Região Geográfica Intermediária,2019.0,2025.0,Coleta iniciada em 2019,"2007, 2008, 2009, 2010, 2011, 2012, 2013, 2014, 2015, 2016, 2017, 2018",Comparável apenas no período de coleta,,
Docente,NO_REGIAO_GEOG_IMED,Nome da Região Geográfica Imediata,2019.0,2025.0,Coleta iniciada em 2019,"2007, 2008, 2009, 2010, 2011, 2012, 2013, 2014, 2015, 2016, 2017, 2018",Comparável apenas no período de coleta,,
Docente,CO_REGIAO_GEOG_IMED,Código da Região Geográfica Imediata,2019.0,2025.0,Coleta iniciada em 2019,"2007, 2008, 2009, 2010, 2011, 2012, 2013, 2014, 2015, 2016, 2017, 2018",Comparável apenas no período de coleta,,
Docente,NO_DISTRITO,Divisão Intramunicipal - Nome do Distrito,2007.0,2025.0,Coleta contínua 2007-2025,,Potencialmente comparável em toda a série,,
Docente,CO_DISTRITO,Divisão Intramunicipal - Código do Distrito,2007.0,2025.0,Coleta contínua 2007-2025,,Potencialmente comparável em toda a série,,
Docente,NO_SUBDISTRITO,Divisão Intramunicipal - Nome do Subdistrito,2025.0,2025.0,Coleta iniciada em 2025,"2007, 2008, 2009, 2010, 2011, 2012, 2013, 2014, 2015, 2016, 2017, 2018, 2019, 2020, 2021, 2022, 2023, 2024",Comparável apenas no período de coleta,,"A partir do Censo Escolar de 2025, a coleta de informações passou a contemplar dados geográficos desagregados pelo Código das Regiões Administrativas exclusivamente para o Distrito Federal. Em decorrência dessa alteração, nos Microdados, o nome e o código das Regiões Administrativas do Distrito Federal passaram a ser incorporados às variáveis de Código e Nome do Distrito.
Assim, nesta versão dos Microdados, as variáveis NO_REGIAO_ADMINISTRATIVA e CO_REGIAO_ADMINISTRATIVA foram, respectivamente, integradas às variáveis NO_DISTRITO e CO_DISTRITO."
Docente,CO_SUBDISTRITO,Divisão Intramunicipal - Código do Subdistrito,2025.0,2025.0,Coleta iniciada em 2025,"2007, 2008, 2009, 2010, 2011, 2012, 2013, 2014, 2015, 2016, 2017, 2018, 2019, 2020, 2021, 2022, 2023, 2024",Comparável apenas no período de coleta,,
Docente,NO_ENTIDADE,Nome da Escola,2007.0,2025.0,Coleta contínua 2007-2025,,Potencialmente comparável em toda a série,,
Docente,CO_ENTIDADE,Código da Escola,2007.0,2025.0,Coleta contínua 2007-2025,,Potencialmente comparável em toda a série,,
Docente,CO_REDE,Rede de Ensino,2007.0,2025.0,Coleta contínua 2007-2025,,Potencialmente comparável em toda a série,"1 - Pública
2 - Privada","Variável incluída nos Microdados com o objetivo de facilitar a identificação e a extração de informações por Rede de Ensino (Pública ou Privada). Trata-se de variável derivada da variável TP_DEPENDENCIA, sendo que a rede pública compreende as esferas Federal, Estadual e Municipal."
Docente,TP_DEPENDENCIA,Dependência Administrativa,2007.0,2025.0,Coleta contínua 2007-2025,,Potencialmente comparável em toda a série,"1 - Federal
2 - Estadual
3 - Municipal
4 - Privada",
Docente,TP_CATEGORIA_ESCOLA_PRIVADA,Categoria da escola privada,2007.0,2025.0,Coleta contínua 2007-2025,,Potencialmente comparável em toda a série,"1 - Particular
2 - Comunitária
3 - Confessional
4 - Filantrópica
   - Não aplicável para escolas públicas",
Docente,TP_LOCALIZACAO,Localização,2007.0,2025.0,Coleta contínua 2007-2025,,Potencialmente comparável em toda a série,"1 - Urbana
2 - Rural",
Docente,TP_LOCALIZACAO_DIFERENCIADA,Localização diferenciada da escola,2007.0,2025.0,Coleta contínua 2007-2025,,Potencialmente comparável em toda a série,"0 - A escola não está em área de localização diferenciada
1 - Área de assentamento
2 - Terra indígena
3 - Comunidade quilombola
8 - Área onde se localizam povos e comunidades tradicionais","De 2007 a 2011:  
0 - Não se aplica
1 - Área de assentamento
2 - Terra indígena
3 - Área remanescente de quilombos
De 2012 a 2018:  
0 - A escola não está em área de localização diferenciada
1 - Área de assentamento
2 - Terra indígena
3 - Área remanescente de quilombos
4 - Unidade de uso sustentável
5 - Unidade de uso sustentável em terra indígena
6 - Unidade de uso sustentável em área remanescente de quilombos
De 2019 a 2022: 
0 - A escola não está em área de localização diferenciada
1 - Área de assentamento
2 - Terra indígena
3 - Área onde se localiza comunidade remanescente de quilombos
Em 2023 foi adicionada a categoria 8: 
8 - Área onde se localizam povos e comunidades tradicionais"
Docente,IN_PODER_PUBLICO_PARCERIA,"Parceria ou convênio com o poder público (parceria ou convênio firmado entre a Administração Pública e instituições privadas ou instituições públicas de ensino, autarquias e fundações da administração indireta e demais instituições de educação profissional técnica de nível médio dos serviços sociais autônomos que integram o sistema federal de ensino, para financiamento do atendimento educacional ou para a oferta do itinerário de formação técnica e profissional do ensino médio)",2007.0,2025.0,Coleta contínua 2007-2025,,Potencialmente comparável em toda a série,"0 - Não
1 - Sim","Entre 2007 e 2021:
A variável IN_CONVENIADA_PP foi renomeada para:
IN_PODER_PUBLICO_PARCERIA "
Docente,TP_PODER_PUBLICO_PARCERIA,Poder público responsável pela parceria ou convênio entre a Administração Pública e outras instituições,2007.0,2025.0,Coleta contínua 2007-2025,,Potencialmente comparável em toda a série,"1 - Municipal
2 - Estadual
3 - Estadual e Municipal
   - Não aplicável  para escolas sem parceria ou convênio com o poder público","Entre 2007 e 2021:
A variável TP_CONVENIO_PODER_PUBLICO foi renomeada para: TP_PODER_PUBLICO_PARCERIA "
Docente,QT_DOC_BAS,"Número de Docentes da Educação Básica
",2007.0,2025.0,Coleta contínua 2007-2025,,Potencialmente comparável em toda a série,,"Docentes referem-se aos indivíduos que estavam em efetiva regência de classe na data de referência do Censo Escolar da Educação Básica, incluindo somente o Docente em sala de aula presencial e o Docente Titular - coordenador de tutoria (de módulo ou disciplina) - EAD"
Docente,QT_DOC_INF,Número de Docentes da Educação Infantil,2007.0,2025.0,Coleta contínua 2007-2025,,Potencialmente comparável em toda a série,,
Docente,QT_DOC_INF_CRE,Número de Docentes da Educação Infantil - Creche,2007.0,2025.0,Coleta contínua 2007-2025,,Potencialmente comparável em toda a série,,
Docente,QT_DOC_INF_PRE,Número de Docentes da Educação Infantil - Pré-Escola,2007.0,2025.0,Coleta contínua 2007-2025,,Potencialmente comparável em toda a série,,
Docente,QT_DOC_FUND,Número de Docentes do Ensino Fundamental,2007.0,2025.0,Coleta contínua 2007-2025,,Potencialmente comparável em toda a série,,
Docente,QT_DOC_FUND_AI,Número de Docentes do Ensino Fundamental - Anos Iniciais,2007.0,2025.0,Coleta contínua 2007-2025,,Potencialmente comparável em toda a série,,
Docente,QT_DOC_FUND_AI_1,Número de Docentes do Ensino Fundamental - Anos Iniciais - 1º Ano,2007.0,2025.0,Coleta contínua 2007-2025,,Potencialmente comparável em toda a série,,
Docente,QT_DOC_FUND_AI_2,Número de Docentes do Ensino Fundamental - Anos Iniciais - 2º Ano,2007.0,2025.0,Coleta contínua 2007-2025,,Potencialmente comparável em toda a série,,
Docente,QT_DOC_FUND_AI_3,Número de Docentes do Ensino Fundamental - Anos Iniciais - 3º Ano,2007.0,2025.0,Coleta contínua 2007-2025,,Potencialmente comparável em toda a série,,
Docente,QT_DOC_FUND_AI_4,Número de Docentes do Ensino Fundamental - Anos Iniciais - 4º Ano,2007.0,2025.0,Coleta contínua 2007-2025,,Potencialmente comparável em toda a série,,
Docente,QT_DOC_FUND_AI_5,Número de Docentes do Ensino Fundamental - Anos Iniciais - 5º Ano,2007.0,2025.0,Coleta contínua 2007-2025,,Potencialmente comparável em toda a série,,
Docente,QT_DOC_FUND_AI_MULTIETAPA,Número de Docentes do Ensino Fundamental - Educação Infantil e Ensino Fundamental Multietapa,2007.0,2025.0,Coleta contínua 2007-2025,,Potencialmente comparável em toda a série,,
Docente,QT_DOC_FUND_AF,Número de Docentes do Ensino Fundamental - Anos Finais,2007.0,2025.0,Coleta contínua 2007-2025,,Potencialmente comparável em toda a série,,
Docente,QT_DOC_FUND_AF_6,Número de Docentes do Ensino Fundamental - Anos Finais - 6º Ano,2007.0,2025.0,Coleta contínua 2007-2025,,Potencialmente comparável em toda a série,,
Docente,QT_DOC_FUND_AF_7,Número de Docentes do Ensino Fundamental - Anos Finais - 7º Ano,2007.0,2025.0,Coleta contínua 2007-2025,,Potencialmente comparável em toda a série,,
Docente,QT_DOC_FUND_AF_8,Número de Docentes do Ensino Fundamental - Anos Finais - 8º Ano,2007.0,2025.0,Coleta contínua 2007-2025,,Potencialmente comparável em toda a série,,
Docente,QT_DOC_FUND_AF_9,Número de Docentes do Ensino Fundamental - Anos Finais - 9º Ano,2007.0,2025.0,Coleta contínua 2007-2025,,Potencialmente comparável em toda a série,,
Docente,QT_DOC_FUND_AF_MULTI,Número de Docentes do Ensino Fundamental - Multi,2007.0,2025.0,Coleta contínua 2007-2025,,Potencialmente comparável em toda a série,,
Docente,QT_DOC_FUND_AF_CORRFLUXO,Número de Docentes do Ensino Fundamental - Correção de Fluxo,2007.0,2025.0,Coleta contínua 2007-2025,,Potencialmente comparável em toda a série,,
Docente,QT_DOC_MED,Número de Docentes do Ensino Médio Regular,2007.0,2025.0,Coleta contínua 2007-2025,,Potencialmente comparável em toda a série,,
Docente,QT_DOC_MED_1,Número de Docentes do Ensino Médio Regular - 1º ano/1ª Série,2007.0,2025.0,Coleta contínua 2007-2025,,Potencialmente comparável em toda a série,,
Docente,QT_DOC_MED_2,Número de Docentes do Ensino Médio Regular - 2º ano/2ª Série,2007.0,2025.0,Coleta contínua 2007-2025,,Potencialmente comparável em toda a série,,
Docente,QT_DOC_MED_3,Número de Docentes do Ensino Médio Regular - 3º ano/3ª Série,2007.0,2025.0,Coleta contínua 2007-2025,,Potencialmente comparável em toda a série,,
Docente,QT_DOC_MED_4,Número de Docentes do Ensino Médio Regular - 4º ano/4ª Série,2007.0,2025.0,Coleta contínua 2007-2025,,Potencialmente comparável em toda a série,,
Docente,QT_DOC_MED_NS,Número de Docentes do Ensino Médio Regular - Não Seriado,2007.0,2025.0,Coleta contínua 2007-2025,,Potencialmente comparável em toda a série,,
Docente,QT_DOC_MED_PROP,Número de Docentes do Ensino Médio Regular - Propedêutico,2007.0,2025.0,Coleta contínua 2007-2025,,Potencialmente comparável em toda a série,,
Docente,QT_DOC_MED_PROP_1,Número de Docentes do Ensino Médio Regular - Propedêutico - 1º ano/1ª Série,2007.0,2025.0,Coleta contínua 2007-2025,,Potencialmente comparável em toda a série,,
Docente,QT_DOC_MED_PROP_2,Número de Docentes do Ensino Médio Regular - Propedêutico - 2º ano/2ª Série,2007.0,2025.0,Coleta contínua 2007-2025,,Potencialmente comparável em toda a série,,
Docente,QT_DOC_MED_PROP_3,Número de Docentes do Ensino Médio Regular - Propedêutico - 3º ano/3ª Série,2007.0,2025.0,Coleta contínua 2007-2025,,Potencialmente comparável em toda a série,,
Docente,QT_DOC_MED_PROP_4,Número de Docentes do Ensino Médio Regular - Propedêutico - 4º ano/4ª Série,2007.0,2025.0,Coleta contínua 2007-2025,,Potencialmente comparável em toda a série,,
Docente,QT_DOC_MED_PROP_NS,Número de Docentes do Ensino Médio Regular - Propedêutico - Não Seriado,2007.0,2025.0,Coleta contínua 2007-2025,,Potencialmente comparável em toda a série,,
Docente,QT_DOC_MED_IFTP_CT,Número de Docentes do Ensino Médio Regular - Ensino Médio Regular articulado ao Itinerário Formativo Técnico Profissional (IFTP) - Curso Técnico,2007.0,2025.0,Coleta contínua 2007-2025,,Potencialmente comparável em toda a série,,
Docente,QT_DOC_MED_IFTP_CT_1,Número de Docentes do Ensino Médio Regular - Ensino Médio Regular articulado ao Itinerário Formativo Técnico Profissional (IFTP) - Curso Técnico - 1º ano/1ª Série,2007.0,2025.0,Coleta contínua 2007-2025,,Potencialmente comparável em toda a série,,
Docente,QT_DOC_MED_IFTP_CT_2,Número de Docentes do Ensino Médio Regular - Ensino Médio Regular articulado ao Itinerário Formativo Técnico Profissional (IFTP) - Curso Técnico - 2º ano/2ª Série,2007.0,2025.0,Coleta contínua 2007-2025,,Potencialmente comparável em toda a série,,
Docente,QT_DOC_MED_IFTP_CT_3,Número de Docentes do Ensino Médio Regular - Ensino Médio Regular articulado ao Itinerário Formativo Técnico Profissional (IFTP) - Curso Técnico - 3º ano/3ª Série,2007.0,2025.0,Coleta contínua 2007-2025,,Potencialmente comparável em toda a série,,
Docente,QT_DOC_MED_IFTP_CT_4,Número de Docentes do Ensino Médio Regular - Ensino Médio Regular articulado ao Itinerário Formativo Técnico Profissional (IFTP) - Curso Técnico - 4º ano/4ª Série,2007.0,2025.0,Coleta contínua 2007-2025,,Potencialmente comparável em toda a série,,
Docente,QT_DOC_MED_IFTP_CT_NS,Número de Docentes do Ensino Médio Regular - Ensino Médio Regular articulado ao Itinerário Formativo Técnico Profissional (IFTP) - Curso Técnico - Não Seriado,2007.0,2025.0,Coleta contínua 2007-2025,,Potencialmente comparável em toda a série,,
Docente,QT_DOC_MED_IFTP_QP,Número de Docentes do Ensino Médio Regular - Ensino Médio Regular articulado ao Itinerário Formativo Técnico Profissional (IFTP) - Qualificação Profissional,2025.0,2025.0,Coleta iniciada em 2025,"2007, 2008, 2009, 2010, 2011, 2012, 2013, 2014, 2015, 2016, 2017, 2018, 2019, 2020, 2021, 2022, 2023, 2024",Comparável apenas no período de coleta,Educação Profissional Não-Técnica,
Docente,QT_DOC_MED_IFTP_QP_1,Número de Docentes do Ensino Médio Regular - Ensino Médio Regular articulado ao Itinerário Formativo Técnico Profissional (IFTP) - Qualificação Profissional - 1º ano/1ª Série,2025.0,2025.0,Coleta iniciada em 2025,"2007, 2008, 2009, 2010, 2011, 2012, 2013, 2014, 2015, 2016, 2017, 2018, 2019, 2020, 2021, 2022, 2023, 2024",Comparável apenas no período de coleta,Educação Profissional Não-Técnica,
Docente,QT_DOC_MED_IFTP_QP_2,Número de Docentes do Ensino Médio Regular - Ensino Médio Regular articulado ao Itinerário Formativo Técnico Profissional (IFTP) - Qualificação Profissional - 2º ano/2ª Série,2025.0,2025.0,Coleta iniciada em 2025,"2007, 2008, 2009, 2010, 2011, 2012, 2013, 2014, 2015, 2016, 2017, 2018, 2019, 2020, 2021, 2022, 2023, 2024",Comparável apenas no período de coleta,Educação Profissional Não-Técnica,
Docente,QT_DOC_MED_IFTP_QP_3,Número de Docentes do Ensino Médio Regular - Ensino Médio Regular articulado ao Itinerário Formativo Técnico Profissional (IFTP) - Qualificação Profissional - 3º ano/3ª Série,2025.0,2025.0,Coleta iniciada em 2025,"2007, 2008, 2009, 2010, 2011, 2012, 2013, 2014, 2015, 2016, 2017, 2018, 2019, 2020, 2021, 2022, 2023, 2024",Comparável apenas no período de coleta,Educação Profissional Não-Técnica,
Docente,QT_DOC_MED_IFTP_QP_4,Número de Docentes do Ensino Médio Regular - Ensino Médio Regular articulado ao Itinerário Formativo Técnico Profissional (IFTP) - Qualificação Profissional - 4º ano/4ª Série,2025.0,2025.0,Coleta iniciada em 2025,"2007, 2008, 2009, 2010, 2011, 2012, 2013, 2014, 2015, 2016, 2017, 2018, 2019, 2020, 2021, 2022, 2023, 2024",Comparável apenas no período de coleta,Educação Profissional Não-Técnica,
Docente,QT_DOC_MED_IFTP_QP_NS,Número de Docentes do Ensino Médio Regular - Ensino Médio Regular articulado ao Itinerário Formativo Técnico Profissional (IFTP) - Qualificação Profissional - Não Seriado,2025.0,2025.0,Coleta iniciada em 2025,"2007, 2008, 2009, 2010, 2011, 2012, 2013, 2014, 2015, 2016, 2017, 2018, 2019, 2020, 2021, 2022, 2023, 2024",Comparável apenas no período de coleta,Educação Profissional Não-Técnica,
Docente,QT_DOC_MED_NM,Número de Docentes do Ensino Médio Regular -  Modalidade Normal/Magistério,2007.0,2025.0,Coleta contínua 2007-2025,,Potencialmente comparável em toda a série,,
Docente,QT_DOC_MED_NM_1,Número de Docentes do Ensino Médio Regular -  Modalidade Normal/Magistério - 1º ano/1ª Série,2007.0,2025.0,Coleta contínua 2007-2025,,Potencialmente comparável em toda a série,,
Docente,QT_DOC_MED_NM_2,Número de Docentes do Ensino Médio Regular -  Modalidade Normal/Magistério - 2º ano/2ª Série,2007.0,2025.0,Coleta contínua 2007-2025,,Potencialmente comparável em toda a série,,
Docente,QT_DOC_MED_NM_3,Número de Docentes do Ensino Médio Regular -  Modalidade Normal/Magistério - 3º ano/3ª Série,2007.0,2025.0,Coleta contínua 2007-2025,,Potencialmente comparável em toda a série,,
Docente,QT_DOC_MED_NM_4,Número de Docentes do Ensino Médio Regular -  Modalidade Normal/Magistério - 4º ano/4ª Série,2007.0,2025.0,Coleta contínua 2007-2025,,Potencialmente comparável em toda a série,,
Docente,QT_DOC_PROF,Número de Docentes da Educação Profissional,2007.0,2025.0,Coleta contínua 2007-2025,,Potencialmente comparável em toda a série,,"Modo profissionalizante de ensino correspondente às turmas de cursos técnicos de nível médio nas formas articuladas (integrada ou concomitante), ou subsequente ao ensino médio e de normal/magistério, e as turmas de cursos profissionalizantes não-técnicos. Inclui as seguintes etapas de ensino:            Ensino Médio articulado ao Itinerário Formativo Técnico Profissional - Curso Técnico, Ensino Médio Normal/Magistério, Curso Técnico Concomitante, Curso Técnico Subsequente,  Curso Técnico Misto (Concomitante e Subsequente), Curso Técnico Integrado à EJA de Nível Médio, Itinerário Formativo Técnico Profissional Exclusivo - Curso Técnico (não articulado ao ensino médio regular), Curso FIC Concomitante, Curso FIC Integrado à EJA de Nível Fundamental, Curso FIC Integrado à EJA de Nível Médio, Ensino Médio articulado ao Itinerário Formativo Técnico Profissional - Qualificação Profissional e Itinerário Formativo Técnico Profissional Exclusivo - Qualificação Profissional (não articulado ao ensino médio regular)."
Docente,QT_DOC_PROF_TEC,Número de Docentes da Educação Profissional Técnica,2007.0,2025.0,Coleta contínua 2007-2025,,Potencialmente comparável em toda a série,,"Modo profissionalizante de ensino correspondente às turmas de cursos técnicos de nível médio nas formas articuladas (integrada ou concomitante), ou subsequente ao ensino médio e de normal/magistério. Inclui as seguintes etapas de ensino: Ensino Médio articulado ao Itinerário Formativo Técnico Profissional - Curso Técnico, Ensino Médio Normal/Magistério, Curso Técnico Concomitante, Curso Técnico Subsequente,  Curso Técnico Misto (Concomitante e Subsequente), Curso Técnico Integrado à EJA de Nível Médio, Itinerário Formativo Técnico Profissional Exclusivo - Curso Técnico (não articulado ao ensino médio regular)."
Docente,QT_DOC_PROF_TEC_CONC,Número de Docentes da Educação Profissional Técnica - Curso Técnico Concomitante,2007.0,2025.0,Coleta contínua 2007-2025,,Potencialmente comparável em toda a série,,
Docente,QT_DOC_PROF_TEC_SUBS,Número de Docentes da Educação Profissional Técnica - Curso Técnico Subsequente,2007.0,2025.0,Coleta contínua 2007-2025,,Potencialmente comparável em toda a série,,
Docente,QT_DOC_PROF_TEC_MISTO,Número de Docentes da Educação Profissional Técnica -  Curso Técnico Misto (Concomitante e Subsequente),2010.0,2025.0,Coleta iniciada em 2010,"2007, 2008, 2009",Comparável apenas no período de coleta,,
Docente,QT_DOC_PROF_TEC_IFTP_CT,Número de Docentes da Educação Profissional Técnica - Itinerário Formativo Técnico Profissional (IFTP) Exclusivo - Curso Técnico (não articulado ao ensino médio regular),2025.0,2025.0,Coleta iniciada em 2025,"2007, 2008, 2009, 2010, 2011, 2012, 2013, 2014, 2015, 2016, 2017, 2018, 2019, 2020, 2021, 2022, 2023, 2024",Comparável apenas no período de coleta,,
Docente,QT_DOC_PROF_NAO_TEC,Número de Docentes da Educação Profissional Não-Técnica,2007.0,2025.0,Coleta contínua 2007-2025,,Potencialmente comparável em toda a série,,"A Educação Profissional Não -Técnica inclui as seguintes etapas de ensino: Curso FIC Concomitante, Curso FIC Integrado à EJA de Nível Fundamental, Curso FIC Integrado à EJA de Nível Médio, Ensino Médio articulado ao Itinerário Formativo Técnico Profissional - Qualificação Profissional e Itinerário Formativo Técnico Profissional Exclusivo - Qualificação Profissional (não articulado ao ensino médio regular)."
Docente,QT_DOC_PROF_IFTP_QP,Número de Docentes da Educação Profissional - Itinerário Formativo Técnico Profissional (IFTP) Exclusivo - Qualificação Profissional (não articulado ao ensino médio regular),2025.0,2025.0,Coleta iniciada em 2025,"2007, 2008, 2009, 2010, 2011, 2012, 2013, 2014, 2015, 2016, 2017, 2018, 2019, 2020, 2021, 2022, 2023, 2024",Comparável apenas no período de coleta,Educação Profissional Não-Técnica,
Docente,QT_DOC_PROF_FIC_CONC,Número de Docentes da Educação Profissional - Curso FIC Concomitante,2015.0,2025.0,Coleta iniciada em 2015,"2007, 2008, 2009, 2010, 2011, 2012, 2013, 2014",Comparável apenas no período de coleta,Educação Profissional Não-Técnica,
Docente,QT_DOC_EJA,Número de Docentes da Educação de Jovens e Adultos (EJA),2007.0,2025.0,Coleta contínua 2007-2025,,Potencialmente comparável em toda a série,,
Docente,QT_DOC_EJA_FUND,Número de Docentes da Educação de Jovens e Adultos (EJA) - Ensino Fundamental,2007.0,2025.0,Coleta contínua 2007-2025,,Potencialmente comparável em toda a série,,
Docente,QT_DOC_EJA_FUND_NPROF,Número de Docentes da Educação de Jovens e Adultos (EJA) - Ensino Fundamental - Sem componente profissionalizante,2007.0,2025.0,Coleta contínua 2007-2025,,Potencialmente comparável em toda a série,,Não inclui turmas do Curso FIC Integrado na Modalidade EJA de Nível Fundamental
Docente,QT_DOC_EJA_FUND_AI,Número de Docentes da Educação de Jovens e Adultos (EJA) - Ensino Fundamental - Anos Iniciais,2007.0,2025.0,Coleta contínua 2007-2025,,Potencialmente comparável em toda a série,,
Docente,QT_DOC_EJA_FUND_AF,Número de Docentes da Educação de Jovens e Adultos (EJA) - Ensino Fundamental - Anos Finais,2007.0,2025.0,Coleta contínua 2007-2025,,Potencialmente comparável em toda a série,,
Docente,QT_DOC_EJA_FUND_PJ,Número de Docentes da Educação de Jovens e Adultos (EJA) - Ensino Fundamental - Projovem Urbano,2012.0,2018.0,Coleta contínua de 2012 a 2018,"2007, 2008, 2009, 2010, 2011, 2019, 2020, 2021, 2022, 2023, 2024, 2025",Comparável apenas no período de coleta,,
Docente,QT_DOC_EJA_FUND_AIAF,Número de Docentes da Educação de Jovens e Adultos (EJA) - Ensino Fundamental - Anos Iniciais e Anos Finais,2007.0,2007.0,Descontinuada após 2007,"2008, 2009, 2010, 2011, 2012, 2013, 2014, 2015, 2016, 2017, 2018, 2019, 2020, 2021, 2022, 2023, 2024, 2025",Comparável apenas no período de coleta,,"Categoria de etapa de ensino existente na base de matrículas apenas em 2007. De 2008 a 2015 os alunos de turmas da EJA Anos iniciais e Anos finais, foram registrados separadamente como EJA anos iniciais ou EJA anos finais do Ensino Fundamental."
Docente,QT_DOC_EJA_FUND_FIC,Número de Docentes da Educação de Jovens e Adultos (EJA) - Ensino Fundamental - Curso FIC Integrado na Modalidade EJA de Nível Fundamental,2008.0,2025.0,Coleta iniciada em 2008,2007,Comparável apenas no período de coleta,Educação Profissional Não-Técnica,
Docente,QT_DOC_EJA_MED,"Número de Docentes da Educação de Jovens e Adultos (EJA) - Ensino Médio 
",2007.0,2025.0,Coleta contínua 2007-2025,,Potencialmente comparável em toda a série,,
Docente,QT_DOC_EJA_MED_NPROF,Número de Docentes da Educação de Jovens e Adultos (EJA) - Ensino Médio - Sem componente profissionalizante,2007.0,2025.0,Coleta contínua 2007-2025,,Potencialmente comparável em toda a série,,Não inclui turmas do Curso FIC Integrado na Modalidade EJA de Nível Médio e do Curso Técnico Integrado na Modalidade EJA de Nível Médio
Docente,QT_DOC_EJA_MED_FIC,Número de Docentes da Educação de Jovens e Adultos (EJA) - Ensino Médio - Curso FIC Integrado na Modalidade EJA de Nível Médio,2015.0,2025.0,Coleta iniciada em 2015,"2007, 2008, 2009, 2010, 2011, 2012, 2013, 2014",Comparável apenas no período de coleta,Educação Profissional Não-Técnica,
Docente,QT_DOC_EJA_MED_TEC,Número de Docentes da Educação de Jovens e Adultos (EJA) - Ensino Médio - Curso Técnico Integrado na Modalidade EJA de Nível Médio,2007.0,2025.0,Coleta contínua 2007-2025,,Potencialmente comparável em toda a série,Deve ser considerada também como uma etapa Profissional Técnica,
Docente,QT_DOC_ESP,Número de Docentes da Educação Especial,2007.0,2025.0,Coleta contínua 2007-2025,,Potencialmente comparável em toda a série,,
Docente,QT_DOC_ESP_CC,Número de Docentes da Educação Especial em Classes Comuns,2007.0,2025.0,Coleta contínua 2007-2025,,Potencialmente comparável em toda a série,,
Docente,QT_DOC_ESP_CE,Número de Docentes da Educação Especial em Classes Exclusivas,2007.0,2025.0,Coleta contínua 2007-2025,,Potencialmente comparável em toda a série,,
Docente,QT_DOC_BAS_FEM,Número de Docentes da Educação Básica - Feminino,2007.0,2025.0,Coleta contínua 2007-2025,,Potencialmente comparável em toda a série,,
Docente,QT_DOC_BAS_MASC,Número de Docentes da Educação Básica - Masculino,2007.0,2025.0,Coleta contínua 2007-2025,,Potencialmente comparável em toda a série,,
Docente,QT_DOC_BAS_ND,Número de Docentes da Educação Básica - Cor/Raça Não Declarada,2007.0,2025.0,Coleta contínua 2007-2025,,Potencialmente comparável em toda a série,,
Docente,QT_DOC_BAS_BRANCA,Número de Docentes da Educação Básica - Cor/Raça Branca,2007.0,2025.0,Coleta contínua 2007-2025,,Potencialmente comparável em toda a série,,
Docente,QT_DOC_BAS_PRETA,Número de Docentes da Educação Básica - Cor/Raça Preta,2007.0,2025.0,Coleta contínua 2007-2025,,Potencialmente comparável em toda a série,,
Docente,QT_DOC_BAS_PARDA,Número de Docentes da Educação Básica - Cor/Raça Parda,2007.0,2025.0,Coleta contínua 2007-2025,,Potencialmente comparável em toda a série,,
Docente,QT_DOC_BAS_AMARELA,Número de Docentes da Educação Básica - Cor/Raça Amarela,2007.0,2025.0,Coleta contínua 2007-2025,,Potencialmente comparável em toda a série,,
Docente,QT_DOC_BAS_INDIGENA,Número de Docentes da Educação Básica - Cor/Raça Indígena,2007.0,2025.0,Coleta contínua 2007-2025,,Potencialmente comparável em toda a série,,
Docente,QT_DOC_BAS_0_24,Número de Docentes da Educação Básica - Até 24 anos de idade na data de referência do Censo Escolar (última quarta-feira do mês de maio de 2025),2007.0,2025.0,Coleta contínua 2007-2025,,Potencialmente comparável em toda a série,,Faixa etária calculada com base na idade do aluno na data de referência do Censo Escolar (última quarta-feira do mês de maio)
Docente,QT_DOC_BAS_25_29,Número de Docentes da Educação Básica - Entre 25 e 29 anos de idade na data de referência do Censo Escolar (última quarta-feira do mês de maio de 2025),2007.0,2025.0,Coleta contínua 2007-2025,,Potencialmente comparável em toda a série,,
Docente,QT_DOC_BAS_30_39,Número de Docentes da Educação Básica - Entre 30 e 39 anos de idade na data de referência do Censo Escolar (última quarta-feira do mês de maio de 2025),2007.0,2025.0,Coleta contínua 2007-2025,,Potencialmente comparável em toda a série,,
Docente,QT_DOC_BAS_40_49,Número de Docentes da Educação Básica - Entre 40 e 49 anos de idade na data de referência do Censo Escolar (última quarta-feira do mês de maio de 2025),2007.0,2025.0,Coleta contínua 2007-2025,,Potencialmente comparável em toda a série,,
Docente,QT_DOC_BAS_50_54,Número de Docentes da Educação Básica - Entre 50 e 54 anos de idade na data de referência do Censo Escolar (última quarta-feira do mês de maio de 2025),2007.0,2025.0,Coleta contínua 2007-2025,,Potencialmente comparável em toda a série,,
Docente,QT_DOC_BAS_55_59,Número de Docentes da Educação Básica - Entre 55 e 59 anos de idade na data de referência do Censo Escolar (última quarta-feira do mês de maio de 2025),2007.0,2025.0,Coleta contínua 2007-2025,,Potencialmente comparável em toda a série,,
Docente,QT_DOC_BAS_60_MAIS,Número de Docentes da Educação Básica - Com 60 ou mais anos de idade na data de referência do Censo Escolar (última quarta-feira do mês de maio de 2025),2007.0,2025.0,Coleta contínua 2007-2025,,Potencialmente comparável em toda a série,,
Docente,QT_DOC_BAS_PCD,"Número de Docentes da Educação Básica com alguma deficiência, transtorno do espectro autista (TEA) ou superdotação",2012.0,2025.0,Coleta iniciada em 2012,"2007, 2008, 2009, 2010, 2011",Comparável apenas no período de coleta,,
Docente,QT_DOC_BAS_ZR_URB,Número de Docentes da Educação Básica - Localização/Zona de residência do Docente - Urbana,2012.0,2025.0,Coleta iniciada em 2012,"2007, 2008, 2009, 2010, 2011",Comparável apenas no período de coleta,,
Docente,QT_DOC_BAS_ZR_RUR,Número de Docentes da Educação Básica - Localização/Zona de residência do Docente - Rural,2012.0,2025.0,Coleta iniciada em 2012,"2007, 2008, 2009, 2010, 2011",Comparável apenas no período de coleta,,
Docente,QT_DOC_BAS_ZR_NA,Número de Docentes da Educação Básica - Localização/Zona de residência do Docente - Não aplicável para Docentes residentes no exterior,2012.0,2025.0,Coleta iniciada em 2012,"2007, 2008, 2009, 2010, 2011",Comparável apenas no período de coleta,,
Docente,QT_DOC_BAS_ESCO_EF,Número de Docentes da Educação Básica - Maior nível de Escolaridade concluída - Ensino Fundamental,2007.0,2025.0,Coleta contínua 2007-2025,,Potencialmente comparável em toda a série,,
Docente,QT_DOC_BAS_ESCO_EM,Número de Docentes da Educação Básica - Maior nível de Escolaridade concluída - Ensino Médio,2007.0,2025.0,Coleta contínua 2007-2025,,Potencialmente comparável em toda a série,,
Docente,QT_DOC_BAS_ESCO_SUP_GRAD,Número de Docentes da Educação Básica - Maior nível de Escolaridade concluída - Educação Superior (Graduação),2007.0,2025.0,Coleta contínua 2007-2025,,Potencialmente comparável em toda a série,,
Docente,QT_DOC_BAS_ESCO_SUP_GRAD_LICEN,Número de Docentes da Educação Básica - Número de Docentes da Educação Básica - Maior nível de Escolaridade concluída - Educação Superior Licenciatura,2007.0,2025.0,Coleta contínua 2007-2025,,Potencialmente comparável em toda a série,,
Docente,QT_DOC_BAS_ESCO_SUP_GRAD_SLICEN,Número de Docentes da Educação Básica - Número de Docentes da Educação Básica - Maior nível de Escolaridade concluída - Educação Superior Sem Licenciatura,2007.0,2025.0,Coleta contínua 2007-2025,,Potencialmente comparável em toda a série,,
Docente,QT_DOC_BAS_ESCO_SUP_POS_ESPEC,Número de Docentes da Educação Básica -  Pós-Graduação concluída - Especialização,2007.0,2025.0,Coleta contínua 2007-2025,,Potencialmente comparável em toda a série,,
Docente,QT_DOC_BAS_ESCO_SUP_POS_MESTRA,Número de Docentes da Educação Básica -  Pós-Graduação concluída - Mestrado,2007.0,2025.0,Coleta contínua 2007-2025,,Potencialmente comparável em toda a série,,
Docente,QT_DOC_BAS_ESCO_SUP_POS_DOUTO,Número de Docentes da Educação Básica -  Pós-Graduação concluída - Doutorado,2007.0,2025.0,Coleta contínua 2007-2025,,Potencialmente comparável em toda a série,,
Docente,QT_DOC_BAS_ESCO_SUP_POS_NENHUM,Número de Docentes da Educação Básica -  Pós-Graduação concluída - Não tem pós-graduação concluída,2007.0,2025.0,Coleta contínua 2007-2025,,Potencialmente comparável em toda a série,,
Docente,QT_DOC_BAS_VINCULO_CONCUR,Número de Docentes da Educação Básica -  Situação Funcional/Regime de contratação/Tipo de Vínculo (Apenas para docente de escola pública) - Concursado/efetivo/estável,2011.0,2025.0,Coleta iniciada em 2011,"2007, 2008, 2009, 2010",Comparável apenas no período de coleta,,
Docente,QT_DOC_BAS_VINCULO_CONTRA,Número de Docentes da Educação Básica -  Situação Funcional/Regime de contratação/Tipo de Vínculo (Apenas para docente de escola pública) - Contrato temporário,2011.0,2025.0,Coleta iniciada em 2011,"2007, 2008, 2009, 2010",Comparável apenas no período de coleta,,
Docente,QT_DOC_BAS_VINCULO_TERCEIR,Número de Docentes da Educação Básica -  Situação Funcional/Regime de contratação/Tipo de Vínculo (Apenas para docente de escola pública) - Contrato terceirizado,2011.0,2025.0,Coleta iniciada em 2011,"2007, 2008, 2009, 2010",Comparável apenas no período de coleta,,
Docente,QT_DOC_BAS_VINCULO_CLT,Número de Docentes da Educação Básica -  Situação Funcional/Regime de contratação/Tipo de Vínculo (Apenas para docente de escola pública) - Contrato CLT,2011.0,2025.0,Coleta iniciada em 2011,"2007, 2008, 2009, 2010",Comparável apenas no período de coleta,,
Docente,QT_DOC_BAS_DOCENTE,Número de Docentes da Educação Básica -  Função que o Profissional Exerce em Sala de Aula - Docente,2007.0,2025.0,Coleta contínua 2007-2025,,Potencialmente comparável em toda a série,,
Docente,QT_DOC_BAS_AUXILIAR,Número de Docentes da Educação Básica -  Função que o Profissional Exerce em Sala de Aula - Auxiliar/Assistente Educacional,2007.0,2025.0,Coleta contínua 2007-2025,,Potencialmente comparável em toda a série,,
Docente,QT_DOC_BAS_PROFI_MONITOR,Número de Docentes da Educação Básica -  Função que o Profissional Exerce em Sala de Aula - Profissional/Monitor de atividade complementar,2007.0,2025.0,Coleta contínua 2007-2025,,Potencialmente comparável em toda a série,,
Docente,QT_DOC_BAS_TRADUTOR_LIBRAS,Número de Docentes da Educação Básica - Função que o Profissional Exerce em Sala de Aula - Tradutor Intérprete de Libras,2007.0,2025.0,Coleta contínua 2007-2025,,Potencialmente comparável em toda a série,,
Docente,QT_DOC_BAS_TITULAR_EAD,Número de Docentes da Educação Básica -  Função que o Profissional Exerce em Sala de Aula - Docente Titular - coordenador de tutoria (de módulo ou disciplina) - EAD,2007.0,2025.0,Coleta contínua 2007-2025,,Potencialmente comparável em toda a série,,
Docente,QT_DOC_BAS_TUTOR_AUX_EAD,Número de Docentes da Educação Básica -  Função que o Profissional Exerce em Sala de Aula - Docente Tutor - Auxiliar (de módulo ou disciplina) - EAD,2007.0,2025.0,Coleta contínua 2007-2025,,Potencialmente comparável em toda a série,,
Docente,QT_DOC_BAS_GUIA_INTERPRETE,Número de Docentes da Educação Básica - Função que o Profissional Exerce em Sala de Aula - Guia intérprete,2007.0,2025.0,Coleta contínua 2007-2025,,Potencialmente comparável em toda a série,,
Docente,QT_DOC_BAS_APOIO_PCD,Número de Docentes da Educação Básica - Função que o Profissional Exerce em Sala de Aula - Profissional de apoio escolar para alunos com deficiência (Lei 13.146/2015),2007.0,2025.0,Coleta contínua 2007-2025,,Potencialmente comparável em toda a série,,
Docente,QT_DOC_BAS_INSTRUTOR_EP,Número de Docentes da Educação Básica - Função que o Profissional Exerce em Sala de Aula - Instrutor de educação profissional,2007.0,2025.0,Coleta contínua 2007-2025,,Potencialmente comparável em toda a série,,
Docente,QT_DOC_BAS_ESPEC_CRE,Número de Docentes da Educação Básica - Outros cursos - Formação Continuada com no mínimo 80 horas - Específico para creche (0 a 3 anos),2007.0,2025.0,Coleta contínua 2007-2025,,Potencialmente comparável em toda a série,,
Docente,QT_DOC_BAS_ESPEC_PRE_ESCOLA,Número de Docentes da Educação Básica - Outros cursos - Formação Continuada com no mínimo 80 horas - Específico para pré-escola (4 e 5 anos),2007.0,2025.0,Coleta contínua 2007-2025,,Potencialmente comparável em toda a série,,
Docente,QT_DOC_BAS_ESPEC_ANOS_INICIAIS,Número de Docentes da Educação Básica - Outros cursos - Formação Continuada com no mínimo 80 horas - Específico para anos iniciais do ensino fundamental,2011.0,2025.0,Coleta iniciada em 2011,"2007, 2008, 2009, 2010",Comparável apenas no período de coleta,,
Docente,QT_DOC_BAS_ESPEC_ANOS_FINAIS,Número de Docentes da Educação Básica - Outros cursos - Formação Continuada com no mínimo 80 horas - Específico para anos finais do ensino fundamental,2011.0,2025.0,Coleta iniciada em 2011,"2007, 2008, 2009, 2010",Comparável apenas no período de coleta,,
Docente,QT_DOC_BAS_ESPEC_ENS_MEDIO,Número de Docentes da Educação Básica - Outros cursos - Formação Continuada com no mínimo 80 horas - Específico para ensino médio,2011.0,2025.0,Coleta iniciada em 2011,"2007, 2008, 2009, 2010",Comparável apenas no período de coleta,,
Docente,QT_DOC_BAS_ESPEC_EJA,Número de Docentes da Educação Básica - Outros cursos - Formação Continuada com no mínimo 80 horas - Específico para educação de jovens e adultos,2011.0,2025.0,Coleta iniciada em 2011,"2007, 2008, 2009, 2010",Comparável apenas no período de coleta,,
Docente,QT_DOC_BAS_ESPEC_ED_ESPECIAL,Número de Docentes da Educação Básica - Outros cursos - Formação Continuada com no mínimo 80 horas - Específico para educação especial,2007.0,2025.0,Coleta contínua 2007-2025,,Potencialmente comparável em toda a série,,
Docente,QT_DOC_BAS_ESPEC_BIL_SURDOS,Número de Docentes da Educação Básica - Outros cursos - Formação Continuada com no mínimo 80 horas - Educação bilíngue de surdos,2007.0,2022.0,Descontinuada após 2022,"2023, 2024, 2025",Comparável apenas no período de coleta,,
Docente,QT_DOC_BAS_ESPEC_ED_INDIGENA,Número de Docentes da Educação Básica - Outros cursos - Formação Continuada com no mínimo 80 horas - Específico para educação indígena,2007.0,2025.0,Coleta contínua 2007-2025,,Potencialmente comparável em toda a série,,
Docente,QT_DOC_BAS_ESPEC_CAMPO,Número de Docentes da Educação Básica - Outros cursos - Formação Continuada com no mínimo 80 horas - Educação do Campo,2012.0,2025.0,Coleta iniciada em 2012,"2007, 2008, 2009, 2010, 2011",Comparável apenas no período de coleta,,
Docente,QT_DOC_BAS_ESPEC_AMBIENTAL,Número de Docentes da Educação Básica - Outros cursos - Formação Continuada com no mínimo 80 horas - Educação Ambiental,2012.0,2025.0,Coleta iniciada em 2012,"2007, 2008, 2009, 2010, 2011",Comparável apenas no período de coleta,,
Docente,QT_DOC_BAS_ESPEC_DIR_HUMANOS,Número de Docentes da Educação Básica - Outros cursos - Formação Continuada com no mínimo 80 horas - Educação em direitos humanos,2012.0,2025.0,Coleta iniciada em 2012,"2007, 2008, 2009, 2010, 2011",Comparável apenas no período de coleta,,
Docente,QT_DOC_BAS_ESPEC_DIV_SEXUAL,Número de Docentes da Educação Básica - Outros cursos - Formação Continuada com no mínimo 80 horas - Gênero e Diversidade Sexual,2012.0,2025.0,Coleta iniciada em 2012,"2007, 2008, 2009, 2010, 2011",Comparável apenas no período de coleta,,
Docente,QT_DOC_BAS_ESPEC_DIR_ADOLESC,Número de Docentes da Educação Básica - Outros cursos - Formação Continuada com no mínimo 80 horas - Direitos de criança e adolescente,2012.0,2025.0,Coleta iniciada em 2012,"2007, 2008, 2009, 2010, 2011",Comparável apenas no período de coleta,,
Docente,QT_DOC_BAS_ESPEC_AFRO,Número de Docentes da Educação Básica - Outros cursos - Formação Continuada com no mínimo 80 horas - Educação para as relações étnico-raciais e história e cultura afro-brasileira e africana,2012.0,2025.0,Coleta iniciada em 2012,"2007, 2008, 2009, 2010, 2011",Comparável apenas no período de coleta,,
Docente,QT_DOC_BAS_ESPEC_GESTAO,Número de Docentes da Educação Básica - Outros cursos - Formação Continuada com no mínimo 80 horas - Gestão escolar,2019.0,2025.0,Coleta iniciada em 2019,"2007, 2008, 2009, 2010, 2011, 2012, 2013, 2014, 2015, 2016, 2017, 2018",Comparável apenas no período de coleta,,
Docente,QT_DOC_BAS_ESPEC_EDUC_TIC,Número de Docentes da Educação Básica - Outros cursos - Formação Continuada com no mínimo 80 horas - Educação e Tecnologia de Informação e Comunicação (TIC),2023.0,2025.0,Coleta iniciada em 2023,"2007, 2008, 2009, 2010, 2011, 2012, 2013, 2014, 2015, 2016, 2017, 2018, 2019, 2020, 2021, 2022",Comparável apenas no período de coleta,,
Docente,QT_DOC_BAS_ESPEC_OUTROS,Número de Docentes da Educação Básica - Outros cursos - Formação Continuada com no mínimo 80 horas - Outros,2007.0,2025.0,Coleta contínua 2007-2025,,Potencialmente comparável em toda a série,,
Docente,QT_DOC_BAS_ESPEC_NENHUM,Número de Docentes da Educação Básica - Outros cursos - Formação Continuada com no mínimo 80 horas - Nenhum,2007.0,2025.0,Coleta contínua 2007-2025,,Potencialmente comparável em toda a série,,
Docente,QT_DOC_BAS_DISC_LINGUA_PORT,Número de Docentes da Educação Básica - Disciplina que atua - Áreas do conhecimento/Componentes curriculares - Língua/ Literatura Portuguesa,2007.0,2025.0,Coleta contínua 2007-2025,,Potencialmente comparável em toda a série,,
Docente,QT_DOC_BAS_DISC_EDUC_FISICA,Número de Docentes da Educação Básica - Disciplina que atua - Áreas do conhecimento/Componentes curriculares - Educação Física,2007.0,2025.0,Coleta contínua 2007-2025,,Potencialmente comparável em toda a série,,
Docente,QT_DOC_BAS_DISC_ARTES,"Número de Docentes da Educação Básica - Disciplina que atua - Áreas do conhecimento/Componentes curriculares - Artes (Educação Artística, Teatro, Dança, Música, Artes Plásticas e outras)",2007.0,2025.0,Coleta contínua 2007-2025,,Potencialmente comparável em toda a série,,
Docente,QT_DOC_BAS_DISC_LINGUA_ING,Número de Docentes da Educação Básica - Disciplina que atua - Áreas do conhecimento/Componentes curriculares - Língua/ Literatura estrangeira - Inglês,2007.0,2025.0,Coleta contínua 2007-2025,,Potencialmente comparável em toda a série,,
Docente,QT_DOC_BAS_DISC_LINGUA_ESPA,Número de Docentes da Educação Básica - Disciplina que atua - Áreas do conhecimento/Componentes curriculares - Língua/ Literatura estrangeira - Espanhol,2007.0,2025.0,Coleta contínua 2007-2025,,Potencialmente comparável em toda a série,,
Docente,QT_DOC_BAS_DISC_LINGUA_FRANC,Número de Docentes da Educação Básica - Disciplina que atua - Áreas do conhecimento/Componentes curriculares - Língua/ Literatura estrangeira - Francês,2012.0,2025.0,Coleta iniciada em 2012,"2007, 2008, 2009, 2010, 2011",Comparável apenas no período de coleta,,
Docente,QT_DOC_BAS_DISC_LINGUA_OUTRA,Número de Docentes da Educação Básica - Disciplina que atua - Áreas do conhecimento/Componentes curriculares - Língua/ Literatura estrangeira - Outra,2007.0,2025.0,Coleta contínua 2007-2025,,Potencialmente comparável em toda a série,,
Docente,QT_DOC_BAS_DISC_LIBRAS,Número de Docentes da Educação Básica - Disciplina que atua - Áreas do conhecimento/Componentes curriculares - Libras,2007.0,2025.0,Coleta contínua 2007-2025,,Potencialmente comparável em toda a série,,
Docente,QT_DOC_BAS_DISC_LINGUA_INDIG,Número de Docentes da Educação Básica - Disciplina que atua - /Componentes curriculares - Língua Indígena,2009.0,2025.0,Coleta iniciada em 2009,"2007, 2008",Comparável apenas no período de coleta,,
Docente,QT_DOC_BAS_DISC_PORT_SEG_LINGUA,Número de Docentes da Educação Básica - Disciplina que atua - /Componentes curriculares - Língua Portuguesa como segunda língua,2019.0,2025.0,Coleta iniciada em 2019,"2007, 2008, 2009, 2010, 2011, 2012, 2013, 2014, 2015, 2016, 2017, 2018",Comparável apenas no período de coleta,,
Docente,QT_DOC_BAS_DISC_MATEMATICA,Número de Docentes da Educação Básica - Disciplina que atua - /Componentes curriculares - Matemática,2007.0,2025.0,Coleta contínua 2007-2025,,Potencialmente comparável em toda a série,,
Docente,QT_DOC_BAS_DISC_CIENCIAS,Número de Docentes da Educação Básica - Disciplina que atua - /Componentes curriculares - Ciências,2007.0,2025.0,Coleta contínua 2007-2025,,Potencialmente comparável em toda a série,,
Docente,QT_DOC_BAS_DISC_FISICA,Número de Docentes da Educação Básica - Disciplina que atua - /Componentes curriculares - Física,2007.0,2025.0,Coleta contínua 2007-2025,,Potencialmente comparável em toda a série,,
Docente,QT_DOC_BAS_DISC_QUIMICA,Número de Docentes da Educação Básica - Disciplina que atua - /Componentes curriculares - Química,2007.0,2025.0,Coleta contínua 2007-2025,,Potencialmente comparável em toda a série,,
Docente,QT_DOC_BAS_DISC_BIOLOGIA,Número de Docentes da Educação Básica - Disciplina que atua - /Componentes curriculares - Biologia,2007.0,2025.0,Coleta contínua 2007-2025,,Potencialmente comparável em toda a série,,
Docente,QT_DOC_BAS_DISC_HISTORIA,Número de Docentes da Educação Básica - Disciplina que atua - /Componentes curriculares - História,2007.0,2025.0,Coleta contínua 2007-2025,,Potencialmente comparável em toda a série,,
Docente,QT_DOC_BAS_DISC_GEOGRAFIA,Número de Docentes da Educação Básica - Disciplina que atua - /Componentes curriculares - Geografia,2007.0,2025.0,Coleta contínua 2007-2025,,Potencialmente comparável em toda a série,,
Docente,QT_DOC_BAS_DISC_SOCIOLOGIA,Número de Docentes da Educação Básica - Disciplina que atua - /Componentes curriculares - Sociologia,2012.0,2025.0,Coleta iniciada em 2012,"2007, 2008, 2009, 2010, 2011",Comparável apenas no período de coleta,,
Docente,QT_DOC_BAS_DISC_FILOSOFIA,Número de Docentes da Educação Básica - Disciplina que atua - /Componentes curriculares - Filosofia,2007.0,2025.0,Coleta contínua 2007-2025,,Potencialmente comparável em toda a série,,
Docente,QT_DOC_BAS_DISC_EST_SOCIAIS,Número de Docentes da Educação Básica - Disciplina que atua - /Componentes curriculares - Estudos Sociais,2012.0,2025.0,Coleta iniciada em 2012,"2007, 2008, 2009, 2010, 2011",Comparável apenas no período de coleta,,
Docente,QT_DOC_BAS_DISC_EST_SOCIAIS_SOCI,Número de Docentes da Educação Básica - Disciplina que atua - /Componentes curriculares - Estudos Sociais ou Sociologia,2007.0,2025.0,Coleta contínua 2007-2025,,Potencialmente comparável em toda a série,,
Docente,QT_DOC_BAS_DISC_INFO_COMPUTACAO,Número de Docentes da Educação Básica - Disciplina que atua - /Componentes curriculares - Informática / Computação,2007.0,2025.0,Coleta contínua 2007-2025,,Potencialmente comparável em toda a série,,
Docente,QT_DOC_BAS_DISC_ENSINO_RELIGIOSO,Número de Docentes da Educação Básica - Disciplina que atua - /Componentes curriculares - Ensino Religioso,2009.0,2025.0,Coleta iniciada em 2009,"2007, 2008",Comparável apenas no período de coleta,,
Docente,QT_DOC_BAS_DISC_PROFISSIONA,Número de Docentes da Educação Básica - Disciplina que atua - /Componentes curriculares - Disciplinas dos cursos técnicos profissionais,2007.0,2025.0,Coleta contínua 2007-2025,,Potencialmente comparável em toda a série,,
Docente,QT_DOC_BAS_DISC_ESTAGIO_SUPER,Número de Docentes da Educação Básica - Disciplina que atua - /Componentes curriculares - Estágio curricular supervisionado,2019.0,2025.0,Coleta iniciada em 2019,"2007, 2008, 2009, 2010, 2011, 2012, 2013, 2014, 2015, 2016, 2017, 2018",Comparável apenas no período de coleta,,
Docente,QT_DOC_BAS_DISC_PEDAGOGICAS,Número de Docentes da Educação Básica - Disciplina que atua - /Componentes curriculares - Disciplinas pedagógicas,2007.0,2025.0,Coleta contínua 2007-2025,,Potencialmente comparável em toda a série,,
Docente,QT_DOC_BAS_DISC_PROJETO_DE_VIDA,Número de Docentes da Educação Básica - Disciplina que atua - /Componentes curriculares - Projeto de vida,2022.0,2025.0,Coleta iniciada em 2022,"2007, 2008, 2009, 2010, 2011, 2012, 2013, 2014, 2015, 2016, 2017, 2018, 2019, 2020, 2021",Comparável apenas no período de coleta,,
Docente,QT_DOC_BAS_DISC_OUTRAS,Número de Docentes da Educação Básica - Disciplina que atua - /Componentes curriculares - Outras disciplinas,2007.0,2025.0,Coleta contínua 2007-2025,,Potencialmente comparável em toda a série,,
Docente,QT_DOC_BAS_LIBRAS,"Número de Docentes da Educação Básica - Classe bilíngue de surdos tendo a Libras (Língua Brasileira de Sinais) como língua de instrução, ensino, comunicação e interação e a língua portuguesa escrita como segunda língua",2007.0,2025.0,Coleta contínua 2007-2025,,Potencialmente comparável em toda a série,,
